id,name,title,link,date,summary
ID1,AB InBev,"Top 3 Risk Off Stocks That May Plunge In Q1 - Anheuser-Busch InBev (NYSE:BUD), Ambev ...",https://in.benzinga.com/trading-ideas/short-ideas/25/03/44189545/top-3-risk-off-stocks-that-may-plunge-in-q1,2025-03-07T13:51:29Z,"On Feb. 26, Anheuser-Busch InBev reported better-than-expected fourth-quarter earnings and revenues. · RSI Value: 89.9 · BUD Price Action: Shares of ..."
ID1,AB InBev,UWI-developed low-calorie shake to hit supermarket shelves this year - Barbados Today,https://barbadostoday.bb/2025/03/07/uwi-developed-low-calorie-shake-to-hit-supermarket-shelves-this-year/,2025-03-07T13:24:03Z,The collaboration between UWI and PineHill Dairy—a subsidiary of global beverage giant AB InBev—took over two years to refine. “We validated the ...
ID1,AB InBev,4 Strong Buy Stocks With 7% and Higher Dividends to Buy Hand Over Fist Now,https://247wallst.com/investing/2025/03/07/4-strong-buy-stocks-with-7-and-higher-dividends-to-buy-hand-over-fist-now/,2025-03-07T12:36:56Z,"Altria used to own over 10% of Anheuser-Busch InBev, the world's largest brewer. Last year, the company sold 35 million of the 197 million shares ..."
ID1,AB InBev,Corona Beer makes debut at Lollapalooza India 2025,https://www.hotelierindia.com/operations/corona-beer-makes-debut-at-lollapalooza-india-2025,2025-03-07T11:12:05Z,"... AB InBev India, Corona Beer, Corona Sunsets Stage, Lollapalooza India 2025, Vineet Sharma. Operations."
ID1,AB InBev,Anheuser-Busch InBev SA/NV (NYSE:BUD) Shares Sold by Rhumbline Advisers,https://www.defenseworld.net/2025/03/07/anheuser-busch-inbev-sa-nv-nysebud-shares-sold-by-rhumbline-advisers.html,2025-03-07T09:21:21Z,Get Anheuser-Busch InBev SA/NV alerts: Other institutional investors also recently bought and sold shares of the company. First Personal Financial ...
ID1,AB InBev,June 2026 Options Now Available For Anheuser-Busch InBev (BUD) - Nasdaq,https://www.nasdaq.com/articles/june-2026-options-now-available-anheuser-busch-inbev-bud,2025-03-07T05:07:45Z,"Investors in Anheuser-Busch InBev SA/NV (Symbol: BUD) saw new options begin trading today, for the June 2026 expiration."
ID1,AB InBev,"To be classified as a liquor product in Korea, it must contain at least 1% alcohol. In other words",https://www.mk.co.kr/en/business/11257900,2025-03-07T02:53:39Z,"Belgian multinational beverage company AB InBev has invested 31 million euros in its Belgian beer maker, of which it has devoted a large portion to ..."
ID1,AB InBev,Al Ain and Saudi clubs to get share of $1bn Club World - PressReader.com,https://www.pressreader.com/uae/the-national-news/20250307/281814289623451,2025-03-07T01:16:51Z,"Fifa has also signed sponsorship contracts with Coca-Cola, Bank of America, Chinese electronics brand Hisense and Belgian drinks company AB InBev."
ID1,AB InBev,"19 minors cited for possession, fake IDs at January concert in Independence - KSHB",https://www.kshb.com/news/crime/19-minors-cited-for-possession-fake-ids-at-january-concert-in-independence,2025-03-06T22:04:03Z,... Anheuser Busch InBev that will create the world's biggest beer company and bring together top U.S. brands Budweiser and Miller Genuine Draft. (AP ...
ID1,AB InBev,Jim Cramer Discusses These 14 Stocks & Zero Day Options - Insider Monkey,https://www.insidermonkey.com/blog/jim-cramer-discusses-these-14-stocks-zero-day-options-1465774/,2025-03-06T20:03:57Z,14. Anheuser-Busch InBev SA/NV (NYSE:BUD). Number of Hedge Fund Holders In Q4 2024: 31. Anheuser-Busch InBev SA ...
ID1,AB InBev,"Referral of Luxembourg beer deal to EU was too late and broke language rules, court told",https://www.mlex.com/mlex/dealrisk/articles/2307168/referral-of-luxembourg-beer-deal-to-eu-was-too-late-and-broke-language-rules-court-told,2025-03-06T19:34:36Z,"It was backed at today's hearing by Luxembourg's competition authority, the Autorité de la Concurrence, and rival brewer Anheuser-Busch InBev. ..."
ID1,AB InBev,"Lionel Messi, Kylian Mbappe or Erling Haaland to reap huge award - World Soccer Talk",https://worldsoccertalk.com/news/lionel-messi-kylian-mbappe-or-erling-haaland-to-reap-huge-award-fifa-reveals-record-breaking-2025-club-world-cup-prize-pool/,2025-03-06T19:25:26Z,"In addition, major corporations including Coca-Cola, Bank of America, Hisense, and AB InBev have signed sponsorship deals. These partnerships not ..."
ID2,Agilent,Finalists announced in Coolest Thing Made in Delaware competition | Agribusiness,https://www.delawarebusinessnow.com/news/agribusiness/finalists-announced-in-coolest-thing-made-in-delaware-competition/article_732884a2-fb5f-11ef-a13b-039702c7564e.html,2025-03-07T14:35:53Z,Agilent Technologies – Resolve Handheld Raman Spectrometer; Avkin Healthcare Simulation – Avbirth; The Brimming Horn Meadery – Mead; ChristianaCare ...
ID2,Agilent,Lung Cancer Diagnostics Market Forecast Report and Competitive Analysis 2025-2033 ...,https://finance.yahoo.com/news/lung-cancer-diagnostics-market-forecast-130700984.html,2025-03-07T13:32:04Z,"... Agilent Technologies, bioMerieux ... Agilent Technologies, bioMerieux. Research and Markets. Fri, March 7, 2025 at 5:07 AM PST 7 MINUTES_READ."
ID2,Agilent,Lung Cancer Diagnostics Market Forecast Report and - GlobeNewswire,https://www.globenewswire.com/news-release/2025/03/07/3038919/0/en/Lung-Cancer-Diagnostics-Market-Forecast-Report-and-Competitive-Analysis-2025-2033-Featuring-llumina-Abbott-Thermo-Fisher-Scientific-QIAGEN-Roche-Sanofi-Agilent-Technologies-bioMeri.html,2025-03-07T13:09:11Z,"... , Roche, Sanofi, Agilent Technologies, bioMerieux. March 07, 2025 08:07 ET | Source: Research and Markets Follow Research and Markets. Share ..."
ID2,Agilent,"Agilent Technologies, Inc. (NYSE:A) Position Boosted by Assetmark Inc. - MarketBeat",https://www.marketbeat.com/instant-alerts/agilent-technologies-inc-nysea-position-boosted-by-assetmark-inc-2025-03-07/,2025-03-07T09:55:36Z,"Assetmark Inc. grew its holdings in shares of Agilent Technologies, Inc. (NYSE:A - Free Report) by 31.7% in the 4th quarter, according to the ..."
ID2,Agilent,Top 16 announced for Coolest Thing Made in Delaware Contest,"https://baytobaynews.com/stories/top-16-announced-for-coolest-thing-made-in-delaware-contest,215443",2025-03-07T00:25:51Z,Agilent Technologies – Resolve Handheld Raman Spectrometer. Avkin Healthcare Simulation – Avbirth. The Brimming Horn Meadery – Mead ...
ID3,Albertsons,"The Produce Reporter Week in Review – March 7, 2025",https://www.producebluebook.com/2025/03/07/the-produce-reporter-week-in-review-march-7-2025/,2025-03-07T13:40:37Z,Albertsons leadership. Kroger's partner in a failed merger also announced leadership changes this week. Albertsons Companies announced a CEO ...
ID3,Albertsons,Sky 5: Wake deputies invesigating incident on I-40 East near Cary - WRAL.com,https://www.wral.com/21897137/%3Fversion%3Dvjsconfig,2025-03-07T13:20:55Z,"Deputies are investigating an incident on I-40 East Friday morning near Harrison Avenue in Wake County. Sky 5 flew over the scene, ..."
ID3,Albertsons,Litigators of the Week: A Defense Win for SuperValu and Albertsons In False Claims Act ... - Law.com,https://www.law.com/litigationdaily/2025/03/07/litigators-of-the-week-a-defense-win-for-supervalu-and-albertsons-in-false-claims-act-trial-after-scotus-weighs-in-on-scienter/,2025-03-07T12:34:17Z,Enu Mainigi: Our clients were Albertsons and SuperValu (which is now owned by United Natural Foods). Relators were seeking more than $123 million in ...
ID3,Albertsons,"Martin, Smarz: Recent Death Notices From Oxford - Patch",https://patch.com/connecticut/oxford-ct/martin-smarz-recent-death-notices-oxford,2025-03-07T11:32:32Z,"Martin, Smarz: Recent Death Notices From Oxford - Oxford, CT - Condolences are extended to the families and friends of those who have recently ..."
ID3,Albertsons,South Korean court orders impeached president released from jail | Vernon Matters,https://vernonmatters.ca/2025/03/06/south-korean-court-orders-impeached-president-released-from-jail/,2025-03-07T11:30:48Z,Albertsons. Valid Mar 4 - Mar 11. 5 Days Left.
ID3,Albertsons,Death notices received March 6 - Chico Enterprise-Record,https://www.chicoer.com/2025/03/07/death-notices-received-march-6-8/,2025-03-07T10:50:34Z,"LOOFBURROW: James Edward Loofburrow, 55, of Chico, died March 1, 2025, in Chico. Arrangements are under the direction of Newton-Bracewell Chico ..."
ID3,Albertsons,Elton John Petco Park 'Curebound' concert tickets go on sale Friday for general public,https://www.sandiegouniontribune.com/2025/03/06/elton-john-petco-park-curebound-concert-tickets-go-on-sale-friday-for-general-public/,2025-03-07T10:33:44Z,"Tickets for Elton John's 2025 Curebound ""Concert for Cures"" benefit concert go on sale March 7."
ID3,Albertsons,Here Are The Most Recent Property Sales In Danbury - Patch,https://patch.com/connecticut/danbury/here-are-most-recent-property-sales-danbury-12,2025-03-07T09:57:24Z,"There were 5 homes sold in Danbury between Feb. 27 and March 6, with a top price of $1,175,000, according to Zillow.com."
ID3,Albertsons,Raleigh man's 'Pretend' podcast explores deceptive world of true crime - WRAL.com,https://www.wral.com/21892125/%3Fversion%3Dvjsconfig,2025-03-07T09:24:37Z,"Javier Leiva spoke with WRAL News' senior multiplatform producer Mark Bergin about how he's covered con artists, cult leaders and even debunked ..."
ID3,Albertsons,"Hartford HealthCare is Hiring | Westport, CT Patch",https://patch.com/connecticut/westport/hartford-healthcare-hiring,2025-03-07T07:39:29Z,"Hartford HealthCare is hiring across all acute care hospitals for all kinds of positions — including nursing, radiology, respiratory therapy, ..."
ID3,Albertsons,Del Mar City Council to begin process of pursuing loan for undergrounding,https://www.sandiegouniontribune.com/2025/03/06/del-mar-city-council-to-begin-process-of-pursuing-loan-for-undergrounding/,2025-03-07T07:35:27Z,Del Mar City Councilmembers voted March 3 to begin pursuing a $17 million loan over a 10- year borrowing term through IBank to continue with ...
ID3,Albertsons,Massive Lotto Jackpot Won In Hartford - Patch,https://patch.com/connecticut/hartford/massive-lotto-jackpot-won-hartford,2025-03-07T07:12:18Z,"Connecticut Lottery Corp. HARTFORD, CT — A CT Lottery player recently had a life-changing surprise after snagging a whopping $408,853 jackpot playing ..."
ID3,Albertsons,Mike Haworth: Vallejo can lead the way - Times Herald Online,https://www.timesheraldonline.com/2025/03/06/mike-haworth-vallejo-can-lead-the-way/,2025-03-07T07:00:37Z,"Now, I'm certain the red tape would be a difficult obstacle to overcome because it is county-operated, but why hasn't the Solano County Fairgrounds ..."
ID3,Albertsons,Miss Manners: The tourist accused my daughter of hitting her and wouldn't let it go,https://www.mercurynews.com/2025/03/06/miss-manners-tourist-accused-my-daughter/,2025-03-07T06:58:24Z,"DEAR MISS MANNERS: On a cruise to Alaska, my husband, my 24-year-old daughter and I decided to splurge for a helicopter ride to see a glacier."
ID3,Albertsons,Steph Curry's business headquarters moving from SoMa to Dogpatch - Chico Enterprise-Record,https://www.chicoer.com/2025/03/06/steph-curry-san-francisco-business-headquarters-moving-from-soma-to-dogpatch/,2025-03-07T06:43:17Z,"Steph Curry is making a splash in San Francisco's commercial real estate game. Curry's business conglomerate, Thirty Ink, announced plans to move ..."
ID4,ArcelorMittal,ArcelorMittal put volume heavy and directionally bearish - TipRanks.com,https://www.tipranks.com/news/the-fly/arcelormittal-put-volume-heavy-and-directionally-bearish-3,2025-03-07T15:37:25Z,"Bearish flow noted in ArcelorMittal (MT) with 2420 puts trading, or 5x expected. Most active are Mar-25 32 puts and 3/14 weekly 34 calls, ..."
ID4,ArcelorMittal,Top Factor Driving Direct Reduced Iron Market Growth in 2025: - openPR.com,https://www.openpr.com/news/3902019/top-factor-driving-direct-reduced-iron-market-growth-in-2025,2025-03-07T01:57:34Z,"Major companies operating in the direct reduced iron market include Welspun Group, ArcelorMittal, ArcelorMittal S.A., JFE Steel Corporation ..."
ID4,ArcelorMittal,Brazilian judge blocks municipalities from funding UK lawsuit with Mariana settlement money,https://www.bnamericas.com/en/news/brazilian-judge-blocks-municipalities-from-funding-uk-lawsuit-with-mariana-settlement-money,2025-03-06T19:29:02Z,ArcelorMittal Mineração Serra Azul is a subsidiary of steel giant ArcelorMittal in Brazil. It has mining rights over the central and eastern ...
ID5,AXA,On demand: Watch Arne Slot's pre-Southampton press conference - Liverpool FC,https://www.liverpoolfc.com/news/demand-watch-arne-slots-pre-southampton-press-conference-0,2025-03-07T13:41:36Z,The Liverpool head coach met reporters at the AXA Training Centre to preview Saturday's Anfield clash with Saints in the Premier League.
ID5,AXA,"Arne Slot press conference LIVE - Liverpool injury news, Cody Gakpo update",https://www.liverpoolecho.co.uk/sport/football/football-news/slot-press-conference-liverpool-live-31143491,2025-03-07T11:32:05Z,Live updates from the AXA Training Centre as Liverpool boss Arne Slot takes his press conference ahead of the Premier League clash with ...
ID5,AXA,Live now: Watch Arne Slot's pre-Southampton press conference - Liverpool FC,https://www.liverpoolfc.com/news/live-now-watch-arne-slots-pre-southampton-press-conference-0,2025-03-07T10:12:53Z,The Liverpool head coach is speaking to reporters at the AXA Training Centre to preview Saturday's Anfield clash with Saints in the Premier League ...
ID5,AXA,DLR Urges Road Safety Awareness After AXA Roadshow | Dún Laoghaire-Rathdown ...,https://www.dlrcoco.ie/news/general-news/dlr-urges-road-safety-awareness-after-axa-roadshow,2025-03-07T10:06:58Z,"Organised by AXA Insurance in partnership with Dún Laoghaire-Rathdown County Council, the event aimed to educate young road users about the importance ..."
ID5,AXA,"Young risk professional of the year: Suzanne Brown, Axa Health - InsuranceERM",https://www.insuranceerm.com/analysis/young-risk-professional-of-the-year-suzanne-brown-axa-health.html,2025-03-07T09:04:07Z,"Working as senior controls assurance lead at AXA Health, Brown has ... I joined AXA seven years ago in March 2018, and I've worked at all ..."
ID5,AXA,Axa IM Alts signs first two pre-lets on Munich timber-based office development,https://www.insuranceassetrisk.com/content/news/axa-im-alts-signs-first-two-pre-lets-on-munich-timber-based-office-development.html%3Fpf%3Dprint,2025-03-07T00:59:45Z,Axa IM Alts signs first two pre-lets on Munich timber-based office development. 06 March 2025. By Josh Adcock. Sign-in. Username (E-mail address)
ID5,AXA,Liverpool coast as Forest lead charge of outsiders for European spots | Reuters,https://www.reuters.com/sports/soccer/liverpool-coast-forest-lead-charge-outsiders-european-spots-2025-03-06/,2025-03-07T00:54:09Z,"Soccer Football - Champions League - Liverpool Training - AXA Training Centre, Liverpool, Britain - March 4, 2025 Liverpool's Ibrahima Konate with ..."
ID5,AXA,"Compulsory Third Party (CTP) Insurance Market Dynamics, Recent Trends, and Regional ...",https://www.whatech.com/og/markets-research/financial-services/939388-compulsory-third-party-ctp-insurance-market-dynamics-recent-trends-and-regional-insights-towards-2032.html,2025-03-06T21:11:01Z,"Key players operating in the global compulsory third party (CTP) insurance industry include PICC, Progressive Corporation, Ping An, AXA, Sompo ..."
ID5,AXA,Liverpool winger suffers operation blow but could play again this season,https://www.liverpoolecho.co.uk/sport/football/football-news/liverpool-winger-suffers-operation-blow-31143780,2025-03-06T21:04:46Z,And Boro boss Michael Carrick has confirmed Doak is back at the AXA Training Centre to work on his recovery. ‌. READ MORE: Rio Ferdinand silenced ...
ID6,Best Buy,I compared the two best Android phones right now - and it was pretty dang close | ZDNET,https://www.zdnet.com/article/i-compared-the-two-best-android-phones-right-now-and-it-was-pretty-dang-close/,2025-03-07T13:12:56Z,I break down the list of key buying reasons below. Specifications. Samsung Galaxy S25 Ultra. OnePlus 13. Display.
ID6,Best Buy,"Massive Apple sale live at Best Buy: get a MacBook Air for $699, Apple Watch for $299 and ...",https://www.techradar.com/computing/macbooks/massive-apple-sale-live-at-best-buy-get-a-macbook-air-for-usd699-apple-watch-for-usd299-and-cheap-airpods,2025-03-07T12:45:07Z,"Apple's MacBook Air with the M3 chip is currently our pick for the best laptop you can buy right now, and this price cut brings the newest version ..."
ID6,Best Buy,Best Buy offers probe after shopper 'walked out after 40 min wait' to buy item - The Sun,https://www.the-sun.com/money/13719169/best-buy-shopper-walked-out-probe/,2025-03-07T12:25:49Z,A BEST Buy shopper was left incandescent with rage after seemingly having trouble when trying to buy a computer.The customer blasted the service ...
ID6,Best Buy,"Deals: M4 MacBook Air, iPad A16, M3 iPad Air, more 9to5Mac",https://9to5mac.com/2025/03/06/deals-m4-macbook-air-ipad-a16-m3-ipad-air/,2025-03-07T11:30:33Z,Best Buy members can get $50 off all configurations but a M2 or M3 Air trade-in can net you up to $550 in savings. ... All of that and more awaits below ...
ID6,Best Buy,3 No-Brainer Energy Stocks to Buy With $500 Right Now | The Motley Fool,https://www.fool.com/investing/2025/03/06/3-no-brainer-energy-stocks-to-buy-with-500-right/,2025-03-07T07:09:41Z,"Enterprise Production Partners (EPD -1.03%) is a top provider of midstream services in the U.S. and owns a portfolio of pipelines, storage, processing ..."
ID6,Best Buy,Sleep Week is here! Best Buy has these great products to help you relax - TAG24,https://www.tag24.com/advertisement/best-buy-deals-of-the-sleep-awareness-week-on-friday-03-07-2025-cuisinart-therabody-massager-hatch-sharper-3363704,2025-03-07T06:43:45Z,"Don't hesitate to get these new offers for Sleep Week at Best Buy on Friday, March 7! Therabody SmartGoggles, Cuisinart Cook, Mattresses, ..."
ID6,Best Buy,"The best 1 TB gaming SSD you can buy is now just $79, the cheapest it's been for a good while",https://www.pcgamer.com/hardware/ssds/the-best-1-tb-gaming-ssd-you-can-buy-is-now-just-usd79-the-cheapest-its-been-for-a-good-while/,2025-03-07T06:31:31Z,"It's a brilliant SSD—fast, reliable, and easy to keep cool. Use promo code EPEQ529 to get the full discount. Price check: Amazon $89.22 | Best Buy ..."
ID6,Best Buy,The Best Compact Pickup Trucks You Can Buy in 2025 - MotorTrend,https://www.motortrend.com/features/best-small-compact-pickup-trucks/,2025-03-07T05:12:25Z,"The Best Compact Pickup Trucks You Can Buy in 2025 · 2. 2025 Hyundai Santa Cruz | MT Score: 8.5/10 · 2. 2025 Hyundai Santa Cruz Pros, Cons, and Specs · 1 ..."
ID6,Best Buy,1 Unstoppable Artificial Intelligence (AI) Stock That I'm Buying Like There's No Tomorrow,https://www.fool.com/investing/2025/03/06/1-unstoppable-ai-stock-that-im-buying-like-theres/,2025-03-07T04:57:14Z,The stock is cheaper than many of the biggest stock indexes. Investor Alert: Our 10 best stocks to buy right now › ...
ID6,Best Buy,Segway Opens Pre-Orders on New Ninebot Max G3 Flagship eKickScooter - PR Newswire,https://www.prnewswire.com/news-releases/segway-opens-pre-orders-on-new-ninebot-max-g3-flagship-ekickscooter-302394447.html,2025-03-07T02:01:13Z,"... Best Buy and Amazon. About Segway Segway transformed micromobility in 1999 with the revolutionary Personal Transporter, igniting global curiosity ..."
ID6,Best Buy,Body of missing Bronx woman found at Saw Mill River Creek in Yonkers - YouTube,https://www.youtube.com/watch%3Fv%3D2Vw755Y5qnQ,2025-03-07T01:34:26Z,Ocala's Best Buy: New Construction Home With NO HOA For Less Than $12k Down! Renzo Montaiuti New 3.4K views · 5:18.
ID6,Best Buy,Desktop Mac buyer's guide: which Mac to buy in early 2025 - AppleInsider,https://appleinsider.com/articles/25/03/06/desktop-mac-buyers-guide-which-mac-to-buy-in-early-2025,2025-03-06T23:50:56Z,Apple's update to the Mac Studio line has shaken up the premium end of its product catalog. Here's the best desktop Mac you should buy for your ...
ID7,BNY Mellon,Bank of New York Mellon Corp Raises Stake in Olin Co. (NYSE:OLN) - Defense World,https://www.defenseworld.net/2025/03/07/bank-of-new-york-mellon-corp-raises-stake-in-olin-co-nyseoln.html,2025-03-07T09:36:24Z,"Bank of New York Mellon Corp owned approximately 1.12% of Olin worth $44,127,000 as of its most recent filing with the SEC. Get Olin alerts: Other ..."
ID7,BNY Mellon,"Bank of New York Mellon Corp Lowers Position in Mattel, Inc. (NASDAQ:MAT)",https://www.defenseworld.net/2025/03/07/bank-of-new-york-mellon-corp-lowers-position-in-mattel-inc-nasdaqmat.html,2025-03-07T08:54:05Z,"Read Bank of New York Mellon Corp Lowers Position in Mattel, Inc. (NASDAQ:MAT) at Defense World."
ID7,BNY Mellon,Evercore ISI Reaffirms Their Sell Rating on Franklin Resources (BEN) | Markets Insider,https://markets.businessinsider.com/news/stocks/evercore-isi-reaffirms-their-sell-rating-on-franklin-resources-ben-1034452291,2025-03-07T08:20:19Z,"Schorr covers the Financial sector, focusing on stocks such as JPMorgan Chase & Co., Bank of America, and Bank of New York Mellon Corporation."
ID7,BNY Mellon,Hazel Sanger Obituary (2025) - Legacy.com,https://www.legacy.com/us/obituaries/name/hazel-sanger-obituary%3Fid%3D57812008,2025-03-07T03:11:36Z,... BNY Mellon. Hazel served as President of the Association of Atlanta Charted Financial Analysts. Hazel took great pride in her dedication to the ...
ID7,BNY Mellon,Best law schools for practical training - Nationaljurist,https://nationaljurist.com/prelaw/advice/best-law-schools-for-practical-training/,2025-03-06T20:45:03Z,"Tamia Hackworth, a third year law student at Northeastern University School of Law, is finishing her third co-op at BNY Mellon in Boston. Photo by ..."
ID7,BNY Mellon,SEC Form SCHEDULE 13G/A filed by The Bank of New York Mellon Corporation,https://quantisnow.com/insight/amendment-sec-form-schedule-13ga-filed-by-the-bank-of-new-york-mellon-corporation-5930629,2025-03-06T19:19:44Z,"Item 1. (a), Name of issuer: Bank of New York Mellon Corp/The. (b), Address ..."
ID7,BNY Mellon,Bank of New York Mellon UK Regulatory Announcement: FRN Variable Rate Fix,https://www.businesswire.com/news/home/20250306232361/en/Bank-of-New-York-Mellon-UK-Regulatory-Announcement-FRN-Variable-Rate-Fix,2025-03-06T16:55:49Z,"Bank of New York Mellon. Bank of New York Mellon. LSE:FF65. More News RSS feed for Bank of New York Mellon. December 06, 2024. Bank of New York ..."
ID7,BNY Mellon,Holding(s) in Company | Company Announcement - Investegate,https://www.investegate.co.uk/announcement/rns/belluscura--bell/holding-s-in-company/8767620,2025-03-06T16:23:23Z,Name. City of registered office · Bank of New York Mellon on behalf of Dowgate Capital Limited (Discretionary) ; Class/Type of shares ISIN code(if ...
ID9,Carrier,Carrier to Present at the Bank of America Global Industrials Conference,https://www.corporate.carrier.com/news/news-articles/202503_carrier-present-bank-america-global-industrials-conference.html,2025-03-07T14:20:46Z,"Carrier Global Corporation, global leader in intelligent climate and ... For more information, visit corporate.carrier.com or follow Carrier on social ..."
ID9,Carrier,Carrier to Present at the Bank of America Global Industrials Conference – Company Announcement,https://markets.ft.com/data/announce/detail%3Fdockey%3D600-202503070900PR_NEWS_USPRX____NE35756-1,2025-03-07T14:04:56Z,", March 7, 2025 /PRNewswire/ -- Carrier Global Corporation (NYSE: CARR) Chairman & CEO David Gitlin and Senior Vice President & CFO Patrick Goris will ..."
ID9,Carrier,Japan's Telecommunications Carriers Enhance Disaster Response with On-site Training for ...,https://www.softbank.jp/en/corp/news/press/sbkk/2025/20250307_01,2025-03-07T07:38:00Z,"KDDI Corporation SoftBank Corp. Rakuten Mobile, Inc. Tokyo, March 7, 2025 — Japan's eight telecommunications companies — Nippon Telegraph and ..."
ID9,Carrier,"Fire Alarm and Detection System Market Report Details Analysis and Industry Forecast, 2021-2030",https://www.whatech.com/og/markets-research/it/939873-fire-alarm-and-detection-system-market-report-details-analysis-and-industry-forecast-2021-2030.html,2025-03-07T06:35:55Z,Carrier Global Corporation Eaton Corporation PLC Halma PLC Hochiki ... Allied Market Research provides global enterprises and medium and ...
ID9,Carrier,Japan's Telecommunications Carriers Enhance Disaster Response with On-site Training for ...,https://group.ntt/en/newsrelease/2025/03/07/250307a.html,2025-03-07T06:03:44Z,NTT contributes to a sustainable society through the power of innovation. We are a leading global technology company providing services to consumers ...
ID9,Carrier,Cebu Pacific offers P29 flights on 29th year | ABS-CBN News,https://www.abs-cbn.com/news/business/2025/3/6/cebu-pacific-offers-p29-flights-on-29th-year-1155,2025-03-07T05:40:54Z,"MANILA -- Cebu Pacific is offering P29 flights for its 29th anniversary. In a statement, the budget carrier said all domestic and international ..."
ID11,CVS Health,Is CVS Health Stock Outperforming The S&P 500? - Barchart.com,https://www.barchart.com/story/news/31295421/is-cvs-health-stock-outperforming-the-s-p-500,2025-03-07T13:50:10Z,"CVS Health has outperformed the broader S&P Index's performance over the past year, and analysts remain strongly upbeat about the stock's ..."
ID11,CVS Health,Florida insurance regulator demands prescription drug data - WESH,https://www.wesh.com/article/florida-insurance-regulator-detailed-prescription-drug-data/64079302,2025-03-07T03:12:48Z,"... pharmacy benefit managers, such as CVS Caremark, Express Scripts and Optum Rx. The council's members include companies that employ and provide ..."
ID11,CVS Health,Where Does the Pharmacy Guild Stand in Its Effort to Build a National Pharmacy Union?,https://medcitynews.com/2025/03/pharmacy-guild-union/,2025-03-07T00:28:20Z,"The organization was formed in response to working conditions at large retail pharmacies like CVS Health and Walgreens, including low pay and heavy ..."
ID11,CVS Health,CVS pharmacy employee busted for stealing opioid pills - WENY News,https://www.weny.com/story/52512829/cvs-pharmacy-employee-busted-for-stealing-opioid-pills,2025-03-06T22:13:51Z,"BOYNTON BEACH, Florida (WPBF) -- A Boynton Beach CVS pharmacy employee was busted for stealing opioid medication, a few pills at a time, over the ..."
ID11,CVS Health,CVS pharmacy employee busted for stealing opioid pills - KION,https://kion546.com/cnn-regional/2025/03/06/cvs-pharmacy-employee-busted-for-stealing-opioid-pills/,2025-03-06T22:06:10Z,"BOYNTON BEACH, Florida (WPBF) — A Boynton Beach CVS pharmacy employee was busted for stealing opioid medication, a few pills at a time, ..."
ID12,Danone,New chair of Prepared Consumer Foods Council appointed - Agriland.ie,https://www.agriland.ie/farming-news/killian-barry-appointed-chair-of-prepared-consumer-foods-council/,2025-03-07T13:22:09Z,"Killian Barry leads Danone's Ireland operations, the company behind Activia, Actimel, and Alpro, and vice-chair Miriam Walker heads Aryzta Ireland ..."
ID12,Danone,Comprehensive Dairy Ingredients Market Insights: Forecasting - openPR.com,https://www.openpr.com/news/3902390/comprehensive-dairy-ingredients-market-insights-forecasting,2025-03-06T23:52:52Z,"... Danone S.A, Savencia Fromage & Dairy, Dutch Dairy Center, Holland Dairy Star BV, Michael and Augustine, Bel Group, J.N Dairies, Carron Lodge Ltd ..."
ID12,Danone,"Medical Probiotics Market Deep Research 2025-2032 | Probi AB, - openPR.com",https://www.openpr.com/news/3901153/medical-probiotics-market-deep-research-2025-2032-probi-ab,2025-03-06T10:00:38Z,"Hansen Holding A/S, Danone S.A. 03-06-2025 10:50 AM CET | Health & Medicine. Press release from: Coherent Market Insights."
ID12,Danone,Danone: Notification of availability of Danone's 2024 consolidated financial statements and ...,https://www.manilatimes.net/2025/03/06/tmt-newswire/globenewswire/danone-notification-of-availability-of-danones-2024-consolidated-financial-statements-and-statutory-auditors-report/2068059,2025-03-06T07:03:50Z,"Danone announces that its consolidated financial statements and the statutory auditors' report for the fiscal year ended December 31, 2024 are ..."
ID13,Decathlon,Alexandre Sarr Signs With Decathlon as Brand Ambassador - Sole Retriever,https://www.soleretriever.com/news/articles/alexandre-sarr-signs-with-decathlon-as-brand-ambassador-march-2025,2025-03-06T21:40:50Z,"Decathlon, one of the world's largest sporting goods brands, is making a bold move in basketball by signing Alexandre Sarr as its latest ..."
ID14,Ecolab,"Geneva Capital Management LLC Acquires 1,159 Shares of Ecolab Inc. (NYSE:ECL)",https://www.marketbeat.com/instant-alerts/geneva-capital-management-llc-acquires-1159-shares-of-ecolab-inc-nyseecl-2025-03-07/,2025-03-07T11:11:33Z,"Geneva Capital Management LLC boosted its holdings in shares of Ecolab Inc. (NYSE:ECL - Free Report) by 18.9% during the 4th quarter, according to ..."
ID14,Ecolab,Ecolab Inc. (NYSE:ECL) Shares Sold by Vestmark Advisory Solutions Inc. - MarketBeat,https://www.marketbeat.com/instant-alerts/ecolab-inc-nyseecl-shares-sold-by-vestmark-advisory-solutions-inc-2025-03-07/,2025-03-07T10:55:09Z,"Vestmark Advisory Solutions Inc. trimmed its position in shares of Ecolab Inc. (NYSE:ECL - Free Report) by 8.6% during the fourth quarter, ..."
ID14,Ecolab,Sen. John Boozman Purchases Shares of Ecolab Inc. (NYSE:ECL) - Defense World,https://www.defenseworld.net/2025/03/07/sen-john-boozman-purchases-shares-of-ecolab-inc-nyseecl.html,2025-03-07T07:09:02Z,"Get Ecolab alerts: Senator John Boozman also recently made the following trade(s):. Purchased $1,001 – $15,000 in shares of ..."
ID14,Ecolab,Form 4 ECOLAB INC. For: Mar 04 Filed by: LARSON MICHAEL - StreetInsider,https://www.streetinsider.com/SEC%2BFilings/Form%2B4%2BECOLAB%2BINC.%2BFor%253A%2BMar%2B04%2BFiled%2Bby%253A%2BLARSON%2BMICHAEL/24466627.html,2025-03-06T22:28:58Z,"... ECOLAB INC. For: Mar 04 Filed by: LARSON MICHAEL. March 6, 2025 5:28 PM. http://archive.fast-edgar.com/20250306/AMLZU22CK222M2ZZ2A2J2MZZ8S5QZ2V2ZO72."
ID14,Ecolab,"Food Antifoaming Agents Market Size, Share & Growth Report, 2033 - WICZ",https://www.wicz.com/story/52507340/food-antifoaming-agents-market-size-share-growth-report-2033,2025-03-06T19:14:48Z,Who is the largest manufacturers of Food Antifoaming Agents Market worldwide? Kemira OYJ (Finland); Dow Corning Corporation (U.S.); Ecolab (U.S.) ...
ID15,Elevance Health (Anthem),"Elevance Health, Inc. (NYSE:ELV) EVP Sells $1,388,635.20 in Stock - MarketBeat",https://www.marketbeat.com/instant-alerts/elevance-health-inc-nyseelv-evp-sells-138863520-in-stock-2025-03-05/,2025-03-06T23:39:36Z,"Elevance Health, Inc. (NYSE:ELV - Get Free Report) EVP Charles Morgan Kendrick, Jr. sold 3504 shares of the firm's stock in a transaction that ..."
ID17,H&M,I'm Lining Up With Celebrities for the Magda Butrym x H&M Collaboration - Marie Claire,https://www.marieclaire.com/fashion/magda-butrym-hm-collaboration-details/,2025-03-07T15:27:21Z,"Magda Butrym is the latest H&M design collaboration. Details are all here, from the prices and sizes to celebrities who will wear the Magda Butrym ..."
ID17,H&M,"H&M x Magda Butrym Collaboration Is Bringing Romance to Spring, PHOTOS - WWD",https://wwd.com/pop-culture/new-fashion-releases/gallery/hms-magda-butrym-collaboration-photos-1237029753/,2025-03-07T15:25:29Z,"See photos of the H&M x Magda Butrym collection for spring 2025, filled with rose motifs."
ID17,H&M,H&M's upcoming collaboration with Magda Butrym is utterly romantic - Harper's BAZAAR,https://www.harpersbazaar.com/uk/fashion/fashion-news/a64083753/hm-magda-butrym-collection/,2025-03-07T15:24:43Z,The H&M x Magda Butrym collection will be available to shop at hm.com and in stores from the 24 April. Related Story. H&M is re-releasing its designer ...
ID17,H&M,Polish designer Magda Butrym heads to the high street in collaboration with H&M,https://www.theindustry.fashion/polish-designer-magda-butrym-heads-to-the-high-street-in-collaboration-with-hm/,2025-03-07T14:16:56Z,H&M's latest designer collaboration sees it team up with popular Polish designer Magda Butrym on a womenswear...
ID17,H&M,10 New-In Pieces We Love This Week - The Gloss Magazine,https://thegloss.ie/10-new-in-pieces-we-love-this-week-63/,2025-03-07T14:03:11Z,"From H&M's new Studio Collection to Zadig Et Voltaire's new brown suede western boots, these are the ten new items to add to cart."
ID17,H&M,Get Your First Look at the Magda Butrym X H&M Collection Coming This Spring - Popsugar,https://www.popsugar.com/fashion/magda-butrym-hm-collection-review-49431743,2025-03-07T14:01:25Z,"Magda Butrym is bringing her signature rose motif to H&M with a collaboration of ready-to-wear, accessories, and jewelry, hitting HM.com and ..."
ID17,H&M,"TN should open up engineering, medical education in Tamil: HM Shah's retort to CM Stalin",https://theshillongtimes.com/2025/03/07/tn-should-open-up-engineering-medical-education-in-tamil-hm-shahs-retort-to-cm-stalin/,2025-03-07T13:52:48Z,"Prime Minister Narendra Modi ensured that our youth can now take the CAPF exam in all languages listed in the Eighth Schedule, including Tamil,” HM ..."
ID17,H&M,"TN should open up engineering, medical education in Tamil: HM Shah's retort to CM Stalin",https://www.punjabnewsexpress.com/national/news/tn-should-open-up-engineering-medical-education-in-tamil-hm-shahs-retort-to-cm-stalin-282102,2025-03-07T13:39:10Z,"Prime Minister Narendra Modi ensured that our youth can now take the CAPF exam in all languages listed in the Eighth Schedule, including Tamil, "" HM ..."
ID17,H&M,Ganja cultivation down drastically: HM - The Hans India,https://www.thehansindia.com/andhra-pradesh/ganja-cultivation-down-drastically-hm-951689,2025-03-07T12:27:46Z,Guntur: Home minister V Anitha said ganja cultivation had drastically decreased in the state and most of the ganja seized during the past few ...
ID17,H&M,H&M's next designer collaboration is all romance - Yahoo Lifestyle Canada,https://ca.style.yahoo.com/h-ms-next-designer-collaboration-110800745.html,2025-03-07T12:17:46Z,The H&M x Magda Butrym collection will be available to shop at hm.com and in stores from the 24 April. You Might Also Like. 8 spring/summer 2019 nail ...
ID17,H&M,Magda Butrym H&M Is Coming - Here's Everything To Know | Glamour UK,https://www.glamourmagazine.co.uk/article/magda-butrym-hm-collab,2025-03-07T11:51:01Z,"Titled Femininity in Bloom as a nod to Butrym's Polish heritage and unique voice in fashion, the collection is set to hit hm.com and select stores on ..."
ID17,H&M,ANNOUNCING MAGDA BUTRYM H&M: FEMININITY IN BLOOM - PR Newswire,https://www.prnewswire.com/news-releases/announcing-magda-butrym-hm-femininity-in-bloom-302395034.html,2025-03-07T11:01:00Z,"PRNewswire/ -- H&M is proud to announce a special collaboration with the celebrated Polish ready-to-wear designer, Magda Butrym."
ID17,H&M,Hagerstown Police body-cam footage shows cuffed suspect unresponsive - The Herald-Mail,https://www.heraldmailmedia.com/story/news/local/2025/03/07/hagerstown-police-body-cam-footage-shows-cuffed-suspect-unresponsive/81787973007/,2025-03-07T10:40:47Z,"Hagerstown Police body-camera footage, released March 6, by state investigators, shows a handcuffed Kelvin Baker found unresponsive in cruiser."
ID17,H&M,In Pictures: H&M partners with Poland's Magda Butrym on collaborative collection,https://fashionunited.uk/news/fashion/in-pictures-h-m-partners-with-polands-magda-butrym-on-collaborative-collection/2025030780519,2025-03-07T10:29:41Z,"H&M partners with Polish designer Magda Butrym on a new collection, 'Feminity in Bloom.' Launching April 24, the line features womenswear, ..."
ID17,H&M,Chief Inspector of Constabulary reappointed - gov.scot - The Scottish Government,https://www.gov.scot/news/chief-inspector-of-constabulary-reappointed/,2025-03-07T10:16:52Z,"HM Inspectorate of Constabulary in Scotland is an independent scrutiny body, which has been in existence since the nineteenth century. HM Chief ..."
ID17,H&M,First Look At The H&M Magda Butyrm Collaboration 2025 - Grazia,https://graziadaily.co.uk/fashion/shopping/magda-butrym-hm/,2025-03-07T10:05:36Z,Take a peek behind the scenes of the next H&M designer collaboration with Magda Butrym. Read more on Grazia.
ID17,H&M,"J&K Budget 2025-26: CM Omar praised PM Modi, HM Shah, FM for support in various sectors",https://www.thenewsnow.co.in/jk-budget-2025-26-cm-omar-praised-pm-modi-hm-shah-fm-for-support-in-various-sectors/,2025-03-07T09:07:27Z,"J&K Budget 2025-26: CM Omar praised PM Modi, HM Shah, FM for support in various sectors ... Jammu: Chief Minister Omar Abdullah on Friday presented the ..."
ID17,H&M,"TN should open up engineering, medical education in Tamil: HM Shah's retort to CM Stalin",https://www.thestatesman.com/india/tn-should-open-up-engineering-medical-education-in-tamil-hm-shahs-retort-to-cm-stalin-1503405428.html,2025-03-07T08:28:41Z,"Speaking at the CISF Raising Day event in Thakkolam, HM Shah criticised the DMK government for not doing enough in this regard, asserting that it was ..."
ID17,H&M,Magda Butrym x H&M 2025: The Artistry Behind The Exciting New Collaboration,https://www.harpersbazaararabia.com/hbanews/magda-butrym-hm-2025,2025-03-07T08:28:13Z,"When H&M approached Magda Butrym to rework her greatest hits for a global audience, the Polish designer saw an opportunity to showcase her ..."
ID18,HP Inc,Jobs Board 7 March: Big channel players make key hires | IT Europa,https://www.iteuropa.com/news/jobs-board-7-march-big-channel-players-make-key-hires,2025-03-07T14:08:00Z,"Hewlett Packard Enterprise is slashing 3000 jobs from ... Earlier this week, we reported on thousands of jobs being axed at HP Inc and Autodesk."
ID18,HP Inc,Final Fantasy Fat Chocobo and Moogle chairs — perfect for when you need to recover real-world HP,https://soranews24.com/2025/03/07/final-fantasy-fat-chocobo-and-moogle-chairs-perfect-for-when-you-need-to-recover-real-world-hp/,2025-03-07T12:36:06Z,... company Primaniacs will be part of the lineup… …as will Chocobo and Moogle cookies from confectioner Teal. The in-store Isetan x Final Fantasy XIV ...
ID18,HP Inc,HP makes thermal inkjet printing 'breakthrough' - PULPAPERnews.com,https://www.pulpapernews.com/20250307/16488/hp-makes-thermal-inkjet-printing-breakthrough,2025-03-07T12:02:03Z,"HP has made what it says is a 'major breakthrough' with HP ThermaCore, a 'next generation' thermal inkjet (TIJ) technology, that the company ..."
ID18,HP Inc,Should You Buy HP Inc. (NYSE:HPQ) For Its Upcoming Dividend? - Simply Wall St News,https://simplywall.st/stocks/us/tech/nyse-hpq/hp/news/should-you-buy-hp-inc-nysehpq-for-its-upcoming-dividend-1,2025-03-07T11:43:32Z,"Some investors rely on dividends for growing their wealth, and if you're one of those dividend sleuths, you might be intrigued to know that HP Inc."
ID18,HP Inc,"Chevy's Silverado ZR2 EV Concept Has 1,100 HP - InsideEVs",https://insideevs.com/news/752714/chevrolet-silverado-ev-trail-boss/,2025-03-07T07:35:25Z,"Chevrolet will launch an off-road-focused Silverado EV Trail Boss this summer. To get people excited, the company made a one-off Silverado ZR2 Concept ..."
ID18,HP Inc,The tech you need to perfect your March brackets — and more - Platte County Record-Times,"https://www.pcrecordtimes.com/premium/brandpoint/stories/the-tech-you-need-to-perfect-your-march-brackets-and-more,76451",2025-03-07T00:55:24Z,"Just like a seasoned point guard delivering a perfect assist, HP has got your back. ... Services for Seniors, Inc. cinches its budget. Guernsey's ..."
ID18,HP Inc,HP PRODUCING 750 BOOKS IN HOUR AT HID - Print21,https://www.print21.com.au/industry/latest/hp-producing-750-books-in-hour-at-hid,2025-03-07T00:30:32Z,"The key innovations launched at the digital print show include the CMYK+ with new advancements such as a higher ink solid concentration, the Printing ..."
ID19,Instacart,Grieving mother urges lawmakers to require licenses for alcohol deliveries | Community,https://www.hometownsource.com/laker_pioneer/community/grieving-mother-urges-lawmakers-to-require-licenses-for-alcohol-deliveries/article_97b9b0a4-f45f-11ef-b11d-032b4013478b.html,2025-03-07T13:35:27Z,"For many people, deliveries of alcohol from companies such as DoorDash and Instacart are a convenience, but Wendy Manuel believes such deliveries ..."
ID19,Instacart,VF Corp. price target lowered to $18 from $21 at Wells Fargo | Markets Insider,https://markets.businessinsider.com/news/stocks/vf-corp-price-target-lowered-to-18-from-21-at-wells-fargo-1034453206,2025-03-07T13:17:05Z,"'Big Short' Investor Michael Burry Loads Up on Estée Lauder (EL) Stock · Tesla, Instacart initiated: Wall Street's top analyst calls."
ID19,Instacart,"GY6: The Power of US So, we did a... - Got Your 6 Foundation | Facebook",https://www.facebook.com/story.php%3Fstory_fbid%3D1093324312834684%26id%3D100064713754675,2025-03-07T06:40:32Z,"$325,000 Additionally, we've deposited $4500 into the Instacart account we created for the Carns family. I want to give a very personal thanks to ..."
ID19,Instacart,"I Sent a Budgeting Pro My Grocery Bill, and She Found Me Instant Savings (I Couldn't Believe It!)",https://www.apartmenttherapy.com/how-to-save-money-on-groceries-personal-finance-pro-37460824,2025-03-06T22:51:59Z,"... Instacart for grocery delivery or buying prewashed lettuce. I get frustrated, though, because I routinely go over my target grocery budget of ..."
ID19,Instacart,Instacart Shoplifter Arrested At Wegmans - Delaware Valley News,https://delawarevalleynews.com/2025/03/06/instacart-shoplifter-arrested-at-wegmans/,2025-03-06T21:51:09Z,"Elijah Samir Akbar, 35 of Philadelphia was at the Wegmans in Warrington shopping for an Instacart order. On March 3, 2025 he was working and grabbed ..."
ID19,Instacart,Slicing into Pi Day: These are America's favorite pies - Building Indiana Business,"https://www.buildingindiana.com/premium/stacker/stories/slicing-into-pi-day-these-are-america039s-favorite-pies,24310",2025-03-06T18:43:18Z,"Infographic showing the 10 most-ordered pies on Instacart in 2024. Instacart. When it comes to the most popular pies nationwide, apple pie earns the ..."
ID20,J&J,Predicting 2 Lions free agents Bears and Ben Johnson might steal - Detroit Free Press,https://www.freep.com/story/sports/nfl/lions/2025/03/07/ben-johnson-bears-free-agency-lions-news/81759063007/,2025-03-07T14:12:32Z,The Detroit Lions have 22 players set to become unrestricted free agents. Ben Johnson now coaches Chicago Bears and no doubt has his eyes ...
ID20,J&J,MU students win Johnson & Johnson Women in STEM 2D Awards | Maynooth University,https://www.maynoothuniversity.ie/news-events/mu-students-win-johnson-johnson-women-stem-2d-awards,2025-03-07T12:12:37Z,"Congratulations to Maynooth University students, Emmanuella Ayodeji and CJ Grace, who are among the 82 recipients of the prestigious Johnson ..."
ID20,J&J,"ODU Stuns Texas State, 64-61, On Robert Davis Jr. Three-Point Shot to Advance in Sun Belt ...",https://odusports.com/news/2025/03/6/odu-stuns-texas-state-64-61-on-robert-davis-jr-three-point-shot-to-advance-in-sun-belt-tournament,2025-03-07T10:58:15Z,"Johnson then made a fallaway jump shot, was fouled and made the foul shot and ODU led 60-59 with 2:15 left. It was a physical game in which the ..."
ID20,J&J,Former staff at Johnson and Johnson Orthopaedics in New Milton invited to reunion,https://www.advertiserandtimes.co.uk/news/former-employees-of-new-milton-business-sought-for-reunion-9407391/,2025-03-07T10:08:56Z,Johnson and Johnson Orthopaedics staff will be reunited at the event taking place at Pennington Sports and Social Club from 6.30pm on Saturday 5th ...
ID20,J&J,Softball vs Johnson & Wales on 3/6/2025 - Box Score - Gustavus Adolphus College,https://gogusties.com/sports/softball/stats/2025/johnson-wales/boxscore/19469,2025-03-07T06:33:55Z,The official box score of Softball vs Johnson & Wales on 3/6/2025.
ID20,J&J,Illinois coach Brad Underwood on team's momentum and Morez Johnson's recovery,https://www.youtube.com/watch%3Fv%3Dul3DEGMvRu8,2025-03-07T04:24:44Z,... Johnson recover from a wrist injury. Subscribe to FOX 32 Chicago: https://www.youtube.com/fox32chicago?sub_confirmation=1 Watch FOX 32 Chicago ...
ID20,J&J,"House GOP stopgap funding bill expected to avert pay cuts to doctors, extend telehealth access",https://www.politico.com/live-updates/2025/03/06/congress/house-gop-stopgap-doctors-pay-00216769,2025-03-07T04:03:02Z,"Speaker Mike Johnson has promised a ""clean"" government funding bill, but certain health policy provisions might hitch a ride."
ID20,J&J,ESPN commentator says 'we don't talk enough about' HBCU basketball star Diamond Johnson,https://hbcusports.com/2025/03/06/espn-commentator-says-we-dont-talk-enough-about-hbcu-basketball-star-diamond-johnson/,2025-03-07T03:05:10Z,"In an appearance on Good Game with Sarah Spain, Arielle Chambers, a commentator for Andscape and ESPN, mentioned that Norfolk State and Johnson ..."
ID20,J&J,Bulldogs Drop Heart-Breaker To Wofford In SoCon Tournament Quarterfinals,https://samfordsports.com/news/2025/3/6/womens-basketball-bulldogs-drop-heart-breaker-to-wofford-in-socon-tournament-quarterfinals.aspx,2025-03-07T02:59:45Z,Another Johnson layup tied the game at 56-56 with 2:33 left. The game remained tied until Wofford's Evangelia Paulk hit a layup to give the Terriers a ...
ID20,J&J,Bill Introductions - Minnesota House of Representatives,https://www.house.mn.gov/cco/intros.asp%3Fdateofintro%3D3/6/2025%26session_year%3D2025%26ls_year%3D94%26session%3D0,2025-03-07T02:52:03Z,"Johnson, W.; Hanson, J.; Baker; Noor; Greenman and Igo introduced: H. F. 1965, A bill for an act relating to economic development; appropriating ..."
ID20,J&J,Congressman Johnson Leads Re-Introduction of JUDGES Act To Create More Federal Judgeships,https://hankjohnson.house.gov/media-center/press-releases/congressman-johnson-leads-re-introduction-judges-act-create-more,2025-03-07T02:26:14Z,"WASHINGTON, D.C. — Today, Congressman Hank Johnson (GA-04), ranking member of the Judiciary Subcommittee on Courts, Intellectual Property, AI and the ..."
ID21,Kraft Heinz,Goodwin Procter Advises Epoch Biodesign on $18.3M Series A Funding - Lawyer Monthly,https://www.lawyer-monthly.com/2025/03/goodwin-procter-advises-epoch-biodesign-on-18-3m-series-a-funding/,2025-03-07T12:21:09Z,Gibson Dunn Advises Kraft Heinz on $1B USD and €600M Euro Notes. 4th March 2025. TRENDING.
ID21,Kraft Heinz,"Mayonnaise Market Size, Growth & Demand Report by 2033 - Straits Research",https://straitsresearch.com/report/mayonnaise-market,2025-03-07T10:38:13Z,Kraft Heinz Company; Unilever PLC; Dr. Oetker; American Garden; Cibona Foods; Del Monte; Duke'S; Kenko Mayonnaise; Ken's Foods; Mrs. Bector's Cremica ...
ID21,Kraft Heinz,Arvind Hangal and Roshni Chatterjee appointed Marketing Directors at ABD Limited,https://www.exchange4media.com/people-movement-news/arvind-hangal-and-roshni-chatterjee-appointed-marketing-directors-at-abd-limited-141510.html,2025-03-07T08:32:42Z,"While at Kraft Heinz, Ms. Chatterjee led the company's foray into the “snacking” white space across the APAC region and led the India turnaround ..."
ID21,Kraft Heinz,ABD Limited appoints Arvind Hangal and Roshni Chatterjee as Marketing Directors,https://www.storyboard18.com/brand-makers/abd-limited-appoints-arvind-hangal-and-roshni-chatterjee-as-marketing-directors-58600.htm,2025-03-07T04:03:14Z,"During her tenure at Kraft Heinz, she played a pivotal role in expanding the company's footprint in the snacking segment across APAC and ..."
ID22,Levi Strauss,PoliticsPA Playbook: What Happens If Education Dept. Closes?,https://www.politicspa.com/politicspa-playbook-what-happens-if-education-dept-closes/140909/,2025-03-07T14:02:41Z,"“Levi Strauss patented the “blueprint for the blue jean” — the design that would become the 501 — back in 1873, and at the turn of the century, a ..."
ID22,Levi Strauss,Sheikh Mujibur Rahman's historic speech: He put Bangladesh on path to freedom,https://www.tribuneindia.com/news/anniversary/sheikh-mujibur-rahmans-historic-speech-he-put-bangladesh-on-path-to-freedom/,2025-03-07T12:44:42Z,Levi Strauss: The creator of blue jeans · Sanjay Khurana. 25 Feb 2025. Top Headlines. India · ED arrests realty group WTC's promoter in money ...
ID22,Levi Strauss,"Dictators and famed artists clash in William Kentridge's 'The Great Yes, The Great No'",https://datebook.sfchronicle.com/classical/william-kentridge-great-yes-no-cal-performances-20194948,2025-03-07T12:27:10Z,Real-life passengers on the Paul-Lemerle voyage included French surrealist writer André Breton; French anthropologist Claude Lévi-Strauss; Cuban ...
ID22,Levi Strauss,"Against culture? Class analysis, strategic essentialism and methodological nationalism after ...",https://www.researchgate.net/publication/389574107_Against_culture_Class_analysis_strategic_essentialism_and_methodological_nationalism_after_Beverley_Skeggs%27_Formations_of_Class_and_Gender,2025-03-07T05:34:43Z,"Borrowing from Lévi-Strauss and Bourdieu, the article proposes to view these elements as metaphors for positions in vertical and horizontal class ..."
ID22,Levi Strauss,Sheppard Mullin Named Top Law Firm For Fashion Companies,https://www.sheppardmullin.com/awards-1328,2025-03-07T02:48:34Z,"... Levi Strauss, Kate Spade, and Patagonia. “The firm's extensive client roster and significant legal victories affirm its status as one of the top ..."
ID22,Levi Strauss,Form N-CSR BlackRock ETF Trust For: Dec 31 - StreetInsider,https://www.streetinsider.com/SEC%2BFilings/Form%2BN-CSR%2BBlackRock%2BETF%2BTrust%2BFor%253A%2BDec%2B31/24464767.html,2025-03-07T02:15:20Z,"... 18, 976. Levi Strauss & Co., Class A. 1,414, 24,462. 25,438. Tobacco — 1.8%. Altria Group, Inc. 18,818, 983,993. Philip Morris International, Inc."
ID23,McDonald’s,"N.J. man lit smoke bomb in McDonald's full of customers, cops say - nj.com",https://www.nj.com/union/2025/03/nj-man-lit-smoke-bomb-in-mcdonalds-full-of-customers-cops-say.html,2025-03-07T15:00:10Z,"A 24-year-old man has been charged with lighting a red smoke bomb at a McDonald's in Union County the day after Christmas, authorities said."
ID23,McDonald’s,Lent specials and deals: 27 restaurants serving up seafood,https://www.today.com/food/restaurants/lent-specials-fish-sandwiches-2025-rcna194707,2025-03-07T14:32:05Z,"Fast-food chains are selling fish sandwiches and offering deals on seafood for Lent: McDonald's, Burger King, White Castle, Wendy's, Popeyes, ..."
ID23,McDonald’s,Radcliff McDonald's raises $39920 for Ronald McDonald House - The News-Enterprise,https://www.thenewsenterprise.com/news/local/radcliff-mcdonald-s-raises-39-920-for-ronald-mcdonald-house/article_a7bd9744-42ba-50fe-9f15-d7d32b9cc9f2.html,2025-03-07T13:07:44Z,"Every cheeseburger, every milkshake and McFlurry purchased can lead to helping a family with critically ill children. The McDonald's restaurant at ..."
ID23,McDonald’s,People Miss Old-School McDonald's After Viral Photo Of 2025 PlayPlace - Scary Mommy,https://www.scarymommy.com/parenting/franklin-mcdonalds-playplace,2025-03-07T07:06:36Z,"There was a time in history when having your birthday party at McDonald's was the be-all, end-all. Obviously, things with birthday parties have ..."
ID23,McDonald’s,Statements on International Women's Day - MARY LOU MCDONALD - YouTube,https://www.youtube.com/watch%3Fv%3DhJb_oXknleg,2025-03-07T05:40:03Z,Statements on International Women's Day - MARY LOU MCDONALD. 183 views · 12 hours ago ...more. Sinn Féin. 84.4K. Subscribe. 19. Share. Save.
ID23,McDonald’s,Man Arrested for Arson After Smoke Bomb Incident at McDonald's in Union - RLS Media,https://www.rlsmedia.com/article/man-arrested-arson-after-smoke-bomb-incident-mcdonalds-union,2025-03-07T02:12:47Z,... in connection with an arson investigation after he allegedly set off a red smoke bomb inside a McDonald's restaurant while it was open for business.
ID23,McDonald’s,What Type Of Steak Does McDonald's Use For Its Breakfast Sandwiches? - Chowhound,https://www.chowhound.com/1800840/mcdonalds-steak-breakfast-sandwiches/,2025-03-07T01:46:35Z,"If you love a good steak, egg, and cheese bagel from McDonald's, here's where to get the steaks for it so you can make your own breakfast ..."
ID23,McDonald’s,Former SAPD officer accused of shooting teen in 2022 in McDonald's parking lot set for hearing,https://www.youtube.com/watch%3Fv%3DNQ8B_uDtL34,2025-03-07T00:05:16Z,Former SAPD officer accused of shooting teen in 2022 in McDonald's parking lot set for hearing. 346 views · 12 hours ago ...more. KENS 5: Your San ...
ID23,McDonald’s,Man fires gun at teen's head during fight outside of a McDonalds - KSL TV,https://ksltv.com/local-news/man-fires-gun-at-teens-head/747564/,2025-03-06T23:46:13Z,"... McDonalds near 3500 W. 3500 South. “The argument moved outside to the parking lot, where it transferred into a physical altercation between two ..."
ID23,McDonald’s,McDonald's Makes Big Connor McDavid Announcement - Athlon Sports,https://athlonsports.com/nhl/edmonton-oilers/mcdonalds-makes-big-connor-mcdavid-announcement,2025-03-06T23:35:12Z,McDonald's Canada officially handed Connor McDavid a title never before awarded by the fast food chain.
ID23,McDonald’s,S. Mark Taper Foundation's $1.250M Gift Names Dining Room - GlobeNewswire,https://www.globenewswire.com/news-release/2025/03/06/3038694/0/en/S-Mark-Taper-Foundation-s-1-250M-Gift-Names-Dining-Room-at-future-Westside-Los-Angeles-Ronald-McDonald-House.html,2025-03-06T23:10:37Z,The S. Mark Taper Foundation has gifted $1.250 million to name the Dining Room at the Westside Los Angeles Ronald McDonald House....
ID23,McDonald’s,Woman carjacked at Hollywood McDonald's by man who just tried carjacking someone else ...,https://www.local10.com/news/local/2025/03/06/woman-carjacked-at-hollywood-mcdonalds-by-man-who-just-tried-carjacking-someone-else-cops-say/,2025-03-06T22:34:05Z,A man who tried — and failed — to carjack another man's Ford F-150 at a Hollywood shopping plaza turned his attention to a nearby McDonald's and a ...
ID24,Medtronic,2 Dependable Dividend Stocks That Can Pay You for Life | The Motley Fool,https://www.fool.com/investing/2025/03/07/2-dependable-dividend-stocks-that-can-pay-you-for/,2025-03-07T13:17:08Z,"Medtronic. Medtronic's business spans several therapeutic areas where it develops and markets medical devices for areas including diabetes care, ..."
ID24,Medtronic,First UK patient sees the benefits of new adaptive Deep Brain Stimulation | North Bristol NHS Trust,https://www.nbt.nhs.uk/about-us/news-media/latest-news/first-uk-patient-sees-benefits-new-adaptive-deep-brain-stimulation,2025-03-07T11:39:05Z,"The development came after CE Mark approval was given in January to enable the additional adaptive technology, developed by Medtronic, to be used ..."
ID24,Medtronic,Europe Implantable Loop Recorders Market Research 2025-2035: Long-Term ... - Yahoo Finance,https://finance.yahoo.com/news/europe-implantable-loop-recorders-market-110900185.html,2025-03-07T11:20:42Z,"... Medtronic PLC., Abbott Laboratories, Boston Scientific Corporation, and BIOTRONIK SE & Co. KGThe European implantable loop recorder (ILR) market ..."
ID24,Medtronic,Europe Implantable Loop Recorders Market Research 2025-2035 - GlobeNewswire,https://www.globenewswire.com/news-release/2025/03/07/3038822/0/en/Europe-Implantable-Loop-Recorders-Market-Research-2025-2035-Long-Term-Heart-Rhythm-and-AF-Monitoring-and-Detection-Strengthens-Momentum.html,2025-03-07T11:11:06Z,"New-generation implantable loop recorders, such as Medtronic's Reveal LINQ II and Abbott's Confirm RX, offer wireless connectivity and AI-driven ..."
ID24,Medtronic,MDT Dividend Announcement $0.7000/Share 3/6/2025,https://www.dividendinvestor.com/dividend-news/20250306/ord-medtronic-plc-nyse-mdt-declared-a-dividend-of-%240.7000-per-share/,2025-03-07T01:17:13Z,"Ord/Medtronic PLC (NYSE:MDT) has paid dividends since 1977, has a current dividend yield of 2.9768233299% and has increased its dividends for 47 ..."
ID24,Medtronic,Medtronic plc Declares Quarterly Dividend of $0.70 (NYSE:MDT) - MarketBeat,https://www.marketbeat.com/instant-alerts/medtronic-plc-declares-quarterly-dividend-of-070-nysemdt-2025-03-06/,2025-03-06T22:49:45Z,"Medtronic plc (NYSE:MDT) declared a quarterly dividend on Thursday, March 6th. Shareholders of record on Friday, March 28th will be paid a ..."
ID24,Medtronic,'A new alternative': Tiny pacemakers for infants show early promise,https://cardiovascularbusiness.com/topics/cardiac-imaging/ep-lab/new-alternative-tiny-pacemakers-infants-show-early-promise,2025-03-06T22:29:13Z,"A: The Medtronic Pediatric implantable pulse generator (IPG; left), consisting of a Medtronic Micra module in a polyetheretherketone surround with an ..."
ID24,Medtronic,Medtronic PLC Announces Fourth Quarter Cash Dividend for Fiscal Year 2025 - GuruFocus,https://www.gurufocus.com/news/2731328/medtronic-plc-announces-fourth-quarter-cash-dividend-for-fiscal-year-2025,2025-03-06T22:19:22Z,"Summary Medtronic PLC (MDT), a leading global healthcare technology company headquartered in Galway, Ireland, announced on March 6, 2025, ..."
ID24,Medtronic,Medtronic announces cash dividend for fourth quarter of fiscal year 2025,https://news.medtronic.com/2025-03-06-Medtronic-announces-cash-dividend-for-fourth-quarter-of-fiscal-year-2025,2025-03-06T21:35:03Z,"Medtronic is a constituent of the S&P 500 Dividend Aristocrats index, having increased its annual dividend payment for the past 47 consecutive years."
ID24,Medtronic,Medtronic announces cash dividend for fourth quarter of fiscal year 2025 - Stock Titan,https://www.stocktitan.net/news/MDT/medtronic-announces-cash-dividend-for-fourth-quarter-of-fiscal-year-2s8zahsy0q7t.html,2025-03-06T21:31:13Z,"As a member of the S&P 500 Dividend Aristocrats index, Medtronic has maintained a 47-year streak of consecutive annual dividend increases."
ID26,Nike,"Nike Launches Dn8 Sneaker, H&M Announces Collaboration With Magda Butrym, And More",https://www.essence.com/fashion/essence-fashion-digest-nike-dn8-launch/,2025-03-07T15:31:50Z,"In our weekly fashion catch-up, we like to update the girls on what's going on in all the corners of the fashion world. Essence Fashion Digest: Nike ..."
ID26,Nike,How a Shared Fertility Struggle Empowered Two Ex-Nike Employees to Launch Their Own ...,https://www.marieclaire.com/career-advice/money/exit-interview-wenatal-founders-vida-delrahim-ronit-menashe/,2025-03-07T15:26:23Z,"In Marie Claire's franchise Exit Interview, we speak with Vida Delrahim and Ronit Menashe about why they left Nike to bootstrap their fertility ..."
ID26,Nike,The Nike Pegasus Wave Surfaces in “Dark Team Red” - Hypebeast,https://hypebeast.com/2025/3/nike-pegasus-wave-dark-team-red-ib0612-004-release-info,2025-03-07T15:22:57Z,Product Name: Nike Pegasus Wave “Dark Team Red” Colorway: Cool Grey/Metallic Cool Grey/Black/Dark Team Red SKU: IB0612-004. Retail Price: $160 USD
ID26,Nike,Nike Is Selling $130 Air Max Sneakers for as Low as $79 - The Spun,https://thespun.com/deals/nike-selling-130-air-max-sneakers-low-as-79,2025-03-07T15:17:23Z,"Nike says, ""Lace up and feel the legacy. Produced at the intersection of art, music and culture, this champion running shoe helped define the '90s."
ID26,Nike,Is It a Mistake to Bring Back Nike's Biggest Sneaker Grails? - YouTube,https://www.youtube.com/watch%3Fv%3DzUoOy7tcoMI,2025-03-07T15:03:20Z,How far would Nike possibly go when it comes to bringing grail sneakers back out of the vault? Could untouchable sneakers like the “Red October” ...
ID26,Nike,USA Collects 102-80 Victory in 2022 Nike Hoop Summit,https://www.usab.com/news/2022/04/2022-hoop-summit-game-recap,2025-03-07T12:56:39Z,"Behind 19 points from Cam Whitmore and 17 from Dariq Whitehead, the USA defeated the World Select Team 102-80 at the 2022 Nike Hoop Summit."
ID26,Nike,Battling Injuries Makes USA Nike Hoop Summit Guard Tyrese Maxey Love Basketball Even More,https://www.usab.com/news/2019/03/maxey-feature,2025-03-07T12:52:37Z,Being selected for the Nike Hoop Summit is another chance for the University of Kentucky commit to showcase his skills and work ethic on a big stage.
ID26,Nike,Five Style Experts Wear the Nike Field General - Highsnobiety,https://www.highsnobiety.com/p/how-to-style-the-nike-field-general/,2025-03-07T11:05:49Z,And what better place than Paris Fashion Week? Welcome to FIELD NOTES: style advice and sartorial tips inspired by Nike's reinvigorated silhouette. We ...
ID26,Nike,"Nike SB's Hybrid Air Jordan 4 Drops In Classic, Crisp Colors - Highsnobiety",https://www.highsnobiety.com/p/nike-sb-air-jordan-4-summit-white-navy/,2025-03-07T06:10:46Z,"Nike SB's beautifully blue Air Jordan 4 sneaker in ""Summit White Navy"" is a mix of all that's good in skateboarding & basketball."
ID26,Nike,SoCal's Arts And Recs Unveils Nike SB Dunk Low Collaboration,https://sneakernews.com/2025/03/06/arts-and-recs-nike-sb-dunk-low/,2025-03-07T05:45:03Z,"Taking to Instagram to provide the first look, this Nike SB Dunk Low is decorated with an unusual pattern, debossed onto the mudguard, heel, and lace ..."
ID26,Nike,Ben Affleck has relatable reaction to son Samuel's interest in $6K sneakers - ABC News,https://abcnews.go.com/GMA/Family/ben-affleck-relatable-reaction-son-samuels-interest-6k/story%3Fid%3D119520812,2025-03-07T04:16:28Z,"Both Ben and Samuel Affleck appear to be sneakerheads, with the ""Argo"" actor saying later in the video that he liked Nike's Dunk Low SB ""De La Soul"" ..."
ID26,Nike,"Nike Just Released 'Super Comfortable' Running and Walking Shoes, and Buyers Say They ...",https://athlonsports.com/other-sports/nike-just-released-super-comfortable-running-walking-shoes-like-walking-on-pillows,2025-03-07T04:02:29Z,"Nike's Vomero 18 road-running shoes were just released on Feb. 27, and shoppers are already lauding the sneakers as one of the best shoes Nike has ..."
ID26,Nike,Nike's Next Super Shoe Looks Like a Victory Lap for Its Most Iconic Racer - Gear Patrol,https://www.gearpatrol.com/fitness/nike-vaporfly-4/,2025-03-07T03:58:01Z,"Releasing March 14, the Nike Vaporfly 4 could be the fastest in the franchise. But is it running its own race?"
ID26,Nike,The Nike Air Max Dn8 'Fierce Purple' Harkens Back to Tuned Air Royalty | House of Heat°,https://houseofheat.co/nike/nike-air-max-dn8-fierce-purple-fq7860-009,2025-03-07T01:53:04Z,Nike's push of the Air Max Dn8 continues with a number of self-referential designs. Having just launched the futuristic sneaker in a 'Black/Volt' ...
ID26,Nike,Nike Claims These Clogs Will Help Athletes Recover - The Sole Supplier,https://thesolesupplier.co.uk/news/nike-claims-these-clogs-will-help-athletes-recover/,2025-03-07T01:41:37Z,"Made entirely from Nike's innovative ReactX foam, this silhouette debuts in multiple colorways and draws inspiration from the brand's advanced ..."
ID26,Nike,Kobe Bryant “Dodgers” Nike Offcourt Slides Release In April - Sneaker News,https://sneakernews.com/2025/03/06/nike-kobe-offcourt-slides-la-dodgers-if2870-400/,2025-03-07T01:19:33Z,"Nike is releasing ""Dodgers"" slides featuring the Black Mamba logo in April 2025. Tap to see official images."
ID26,Nike,UNLV extends apparel contract with Nike - Las Vegas Sun News,https://lasvegassun.com/news/2025/mar/06/unlv-extends-apparel-contract-with-nike/,2025-03-06T23:43:43Z,"Nike shoes are displayed in the Coach's Locker Room and Conference Center at UNLV's Mendenhall Center Tuesday, June 5, 2018. Photo by Steve Marcus."
ID26,Nike,Touring the Nike Site Summit | Outdoor Explorer - Alaska Public Media,https://alaskapublic.org/programs/outdoor-explorer/2025-03-06/touring-the-nike-site-summit-outdoor-explorer,2025-03-06T22:43:12Z,"Nike Site Summit is one of three Nike Hercules missile sites in Southcentral Alaska. Operating from 1959 to 1979, Site Summit's Nike Hercules ..."
ID27,Pearson,"Beat Market Volatility With 4 Low-Beta Stocks: PGR, PSO, TXO & JAZZ | Nasdaq",https://www.nasdaq.com/articles/beat-market-volatility-4-low-beta-stocks-pgr-pso-txo-jazz,2025-03-06T17:17:01Z,"Hence, stocks like The Progressive Corporation PGR, Pearson plc PSO ... Pearson, PLC (PSO) : Free Stock Analysis Report · Jazz Pharmaceuticals ..."
ID28,Philips,The untapped power of Bristol's recyclable waste - Newsroom,https://news.bristol.gov.uk/press-releases/d95be13a-217c-42ed-ab89-85f09a31e5bc/the-untapped-power-of-bristol-s-recyclable-waste,2025-03-07T14:44:18Z,"On Thursday 20 February, I had the opportunity to visit Bristol Waste's Albert Road recycling facility in St Philips. It was an eye-opening ..."
ID28,Philips,Europe Sleep Apnea Devices Analysis Report 2025: Market Set - GlobeNewswire,https://www.globenewswire.com/news-release/2025/03/07/3038990/0/en/Europe-Sleep-Apnea-Devices-Analysis-Report-2025-Market-Set-for-Notable-Growth-Reaching-3-77-Billion-by-2033-with-Natus-Medical-ResMed-and-Koninklijke-Philips-Leading.html,2025-03-07T14:19:07Z,"... Natus Medical, ResMed, and Koninklijke Philips Leading. March 07, 2025 09:15 ET | Source: Research and Markets Follow Research and Markets. Share ..."
ID28,Philips,Philips' new gaming projector has some impressive specs – but it also faces some stiff competition,https://www.whathifi.com/tv-home-cinema/projectors/philips-new-gaming-projector-has-some-impressive-specs-but-it-also-faces-some-stiff-competition,2025-03-07T14:19:05Z,"Philips will release its latest gaming projector in April, complete with an integrated Google TV dongle and 120Hz refresh rate."
ID28,Philips,"Using Analytics To Amplify Your Nonprofit's Impact, Earn Donor Trust - Forbes",https://www.forbes.com/councils/forbesnonprofitcouncil/2025/03/07/using-analytics-to-amplify-your-nonprofits-impact-and-earn-donor-trust/,2025-03-07T13:49:42Z,Victoria Philips is the Chief Strategist for Philips Nonprofit Consulting and CEO of Give to Africa. getty. Philanthropy has evolved far beyond ...
ID28,Philips,Cosori Dual Basket Air Fryer review - Tom's Guide,https://www.tomsguide.com/home/air-fryers/cosori-dual-basket-air-fryer-review,2025-03-07T12:45:22Z,"While the Cosori has an overall capacity of 9QT, its individual baskets aren't big enough to roast a whole chicken, unlike the Philips. a black cosori ..."
ID28,Philips,Want to expand your Philips Hue setup? These 3 new lights will let you take it outdoors,https://www.techradar.com/home/smart-lights/philips-hue-impress-available-in-us,2025-03-07T11:51:43Z,Philips Hue Impress outdoor lights are now available in the US · The three weather-resistant lights were previously only on sale in Europe · They're ...
ID28,Philips,"Pine Island Community Pool, parking lot at Philips Park to temporarily close",https://www.gulfshorebusiness.com/gb_daily/pine-island-community-pool-parking-lot-at-philips-park-to-temporarily-close/,2025-03-07T11:44:19Z,"The tennis/pickleball courts, pavilion, restrooms and playground will remain open and accessible for pedestrian access. The pool will reopen March 12 ..."
ID28,Philips,Milkwood Pre-Primary marks 50 years of nurturing young minds - False Bay Echo,https://falsebayecho.co.za/news/2025-03-07-milkwood-pre-primary-marks-50-years-of-nurturing-young-minds/,2025-03-07T10:40:56Z,"... Philips, who has been with the school for over 20 years. Ms Philips said the school underwent a complete revamp in 2008, when brick walls and a ..."
ID28,Philips,Milkwood Pre-Primary marks 50 years of nurturing young minds - False Bay Echo,https://falsebayecho.co.za/false-bay-echo/news/2025-03-07-milkwood-pre-primary-marks-50-years-of-nurturing-young-minds/,2025-03-07T10:40:55Z,"The school originally opened in the old milking shed, and it operated from this location for many years, according to principal Shirley Philips, who ..."
ID28,Philips,"Philips Monitors: Innovation, Quality, and Sustainability in Display Technology - IT Voice",https://www.itvoice.in/philips-monitors-innovation-quality-and-sustainability-in-display-technology,2025-03-07T09:45:49Z,"By combining the Philips brand promise with TPV's manufacturing expertise in displays, MMD uses a fast and focused approach to bringing innovative ..."
ID28,Philips,I tested this ultra-expensive electric shaver from Philips – here's why I'd buy it - TechRadar,https://www.techradar.com/home/hair-care/philips-shaver-s9000-prestige-shaver-review,2025-03-07T09:37:20Z,"The Philips Shaver S9000 Prestige may be expensive, but it's equally adept for wet and dry shaves, has a high-end build and can be used with ..."
ID28,Philips,Spring break travel period underway across the country - YouTube,https://www.youtube.com/watch%3Fv%3D05o5lS65g4c,2025-03-07T01:33:11Z,Add a comment... 14:09 · Go to channel · Here's Why I Refused to Fly on This Airline - Until Now. Noel Philips•508K views · 9:11 · Go to channel ...
ID28,Philips,"Almost 35,000 Blood Sugar Products Were Recalled Nationwide | The Healthy",https://www.thehealthy.com/diabetes/news-philips-blood-sugar-monitors-recalled-nationwide/,2025-03-07T00:53:04Z,"Philips Connected Blood Glucose Meter, BGM 4; Model Number: TM0009; UDI-DI (Unique Device Identifier-Device Identifier): 00859519002407. In addition, ..."
ID28,Philips,Gilmer's Sarah Phillips gets win for TJC over Trinity Valley - KLTV,https://www.kltv.com/2025/03/06/gilmers-sarah-phillips-gets-win-tjc-over-trinity-valley/,2025-03-07T00:06:26Z,Former Gilmer Buckeye ...
ID29,Polaris,Police search for suspect who robbed Huntington Bank near Polaris - ABC 6,https://abc6onyourside.com/news/local/police-search-for-suspect-who-robbed-huntington-bank-near-polaris-armed-rob-gemini-parkway,2025-03-07T14:19:36Z,"COLUMBUS, Ohio (WSYX) — Columbus police are searching for a male suspect who robbed a bank near Polaris. According to police, at approximately ..."
ID29,Polaris,Two young women run for their lives as train crushes vehicle stuck on the tracks - Daily Mail,https://www.dailymail.co.uk/news/article-14470979/women-escape-train-crash-vehicle-stuck-miami.html,2025-03-07T14:17:51Z,"Two women can be seen running from the red and black, three-wheeled Polaris Slingshot after getting snagged on the tracks."
ID29,Polaris,The growth of women's sports | WOSU Public Media,https://www.wosu.org/show/all-sides/2025-03-07/the-growth-of-womens-sports,2025-03-07T10:26:48Z,"Columbus Fury practices at USA Fieldhouse at Polaris Fashion Place. This episode originally aired on Feb. 26, 2025. The last few years have seen a ..."
ID29,Polaris,Polaris Inc. (NYSE:PII) Stock Holdings Trimmed by Private Advisor Group LLC,https://www.defenseworld.net/2025/03/07/polaris-inc-nysepii-stock-holdings-trimmed-by-private-advisor-group-llc.html,2025-03-07T10:06:29Z,Get Polaris alerts: A number of other hedge funds and other institutional investors also recently modified their holdings of the company. State of ...
ID29,Polaris,Polaris Inc. (NYSE:PII) Shares Bought by Bank of New York Mellon Corp - MarketBeat,https://www.marketbeat.com/instant-alerts/polaris-inc-nysepii-shares-bought-by-bank-of-new-york-mellon-corp-2025-03-07/,2025-03-07T08:58:21Z,"Bank of New York Mellon Corp increased its position in Polaris Inc. (NYSE:PII - Free Report) by 45.3% during the fourth quarter, according to the ..."
ID29,Polaris,Lingle fire sets Easter egg hunt - Torrington Telegram,"http://www.torringtontelegram.com/stories/lingle-fire-sets-easter-egg-hunt,76426",2025-03-07T08:05:17Z,"... Polaris cover so I am assuming it's a Polaris underneath it. So, if anybody sees such a vehicle, I need to speak to the driver.” Andrews noted she ..."
ID29,Polaris,"If you're traveling on Tropicana Avenue, be prepared for a week-long closure - KTNV",https://www.ktnv.com/news/if-youre-traveling-on-tropicana-avenue-be-prepared-for-a-week-long-closure,2025-03-07T07:06:31Z,"The Nevada Department of Transportation is letting drivers know that a week-long closure of Tropicana Avenue is starting Sunday, March 9 from Polaris"
ID29,Polaris,The Sky This Week from March 7 to 14: A total lunar eclipse - Astronomy Magazine,https://www.astronomy.com/observing/the-sky-this-week-from-march-7-to-14-2025/,2025-03-07T06:04:32Z,"But while this 2nd-magnitude star is famous for currently sitting at Earth's North Celestial Pole, Polaris isn't the only such sun to have this claim ..."
ID29,Polaris,'Involuntarily unemployed' can get monthly payouts by going for activities that boost job chances,https://www.straitstimes.com/singapore/politics/involuntarily-unemployed-can-get-monthly-payouts-by-going-for-activities-that-boost-job-chances,2025-03-07T03:15:25Z,"“Polaris gave me greater clarity on what I want out of my career and how to make it more meaningful and purposeful,” she said, adding that it also ..."
ID29,Polaris,SkillsFuture credits of up to S$1000 can be used to offset career guidance services - Mothership.SG,https://mothership.sg/2025/03/mom-skillsfuture-guidance/,2025-03-07T03:10:35Z,"Polaris programme. In response to a question, Koh said that MOM has taken steps to ""make quality career guidance more accessible"" to those who prefer ..."
ID29,Polaris,'Emotional' Cathy Freeman moment that captivated F1 ace Sebastian Vettel as Race of ... - Nine,https://www.nine.com.au/sport/motorsport/race-of-champions-2025-what-is-how-works-everything-need-know-explainer-20250306-p5lhp3.html,2025-03-07T02:34:02Z,"Cathy Freeman, Sebastian Vettel · Valtteri Bottas of Stake F1 Team Kick Sauber. · Sebastian Vettel at the wheel of the a Polaris buggy which will be ..."
ID29,Polaris,Polaris Unveils 2026 Snowmobile Lineup with Innovation in Every Segment,https://www.polaris.com/en-us/news/product/polaris-unveils-2026-snowmobile-lineup/,2025-03-07T02:10:49Z,"MINNEAPOLIS, MN (March 6, 2025) – Today, Polaris Inc. (NYSE: PII), the global leader in powersports, announced its 2026 snowmobiles, ..."
ID29,Polaris,The Stock 2024 Polaris RZR Pro R Is a Beast | Watch - MSN,https://www.msn.com/en-us/news/us/the-stock-2024-polaris-rzr-pro-r-is-a-beast/vi-AA1AlA79%3Focid%3Dhpmsn,2025-03-07T01:47:19Z,"""Follow Crushin' It for more thrilling content from Heavy D featuring heavy machinery, epic builds, and powerful machines in action."
ID29,Polaris,Tropicana Avenue to close for nearly a week for interchange work - KSNV,https://news3lv.com/news/local/tropicana-avenue-to-close-for-nearly-a-week-for-interchange-work,2025-03-07T01:39:00Z,Drivers in Las Vegas should prepare for a significant road closure as Tropicana Avenue will be fully closed in both directions from Polaris Avenue ...
ID30,Publicis Groupe,"Cynopsis 03/07/25: Netflix renews ""Running Point"" for season two",https://www.cynopsis.com/cynopsis-03-07-25-etflix-renews-running-point-for-season-two/,2025-03-07T11:44:49Z,Publicis has entered into an agreement to acquire identity solution Lotame. The combined data and identity assets of Lotame and Publicis Groupe's ...
ID30,Publicis Groupe,"Lalit 'Cherry' Kanavivatchai — 'Mentorship Has Been Central to My Career Success, Both as ...",https://www.brandinginasia.com/lalit-cherry-kanavivatchai-mentorship-has-been-central-to-my-career-success-both-as-a-mentee-and-a-mentor/,2025-03-07T11:30:59Z,"At work, I am inspired by Amrita Randhawa, Chief Executive Officer, Publicis Groupe Singapore & Southeast Asia. Amrita is a highly respected ..."
ID30,Publicis Groupe,25 most influential women in UK PR in 2025 – part two - PR Week,http://prweek.com/article/1909087/25-influential-women-uk-pr-2025-%25E2%2580%2593-part-two,2025-03-07T10:58:14Z,"Group CEO, Accordience Group. As chief ... CEO, UK Influence practice, and chief client officer, EMEA Influence practice, Publicis Groupe."
ID30,Publicis Groupe,Vinyl Group tunes into CD resurgence - Mediaweek,https://www.mediaweek.com.au/vinyl-group-tunes-into-cd-resurgence/,2025-03-07T09:57:36Z,Publicis Groupe enters acquisition agreement with Lotame. Mediaweek. © 2025 Vinyl Group Operations Pty Ltd brag logo. Quick Links. About us ...
ID30,Publicis Groupe,"Tuesday, March 4 Evening Cable News Ratings: Donald Trump Joint Address Coverage ... - Adweek",https://www.adweek.com/tvnewser/tuesday-march-4-2025-evening-cable-news-ratings/,2025-03-07T08:51:02Z,"Based out of New York, Mark has also contributed to ADWEEK. Recommended articles. Popular Now. Inside Publicis Groupe's Surprise Acquisition of ..."
ID30,Publicis Groupe,"As SXSW kicks off, marketers embrace it as an 'accessible' conference for content, connection",https://digiday.com/marketing/as-sxsw-kicks-off-marketers-embrace-it-as-an-accessible-conference-for-content-connection/%3Futm_campaign%3Ddigidaydis%26utm_medium%3Drss%26utm_source%3Dgeneral-rss,2025-03-07T05:08:37Z,Publicis Groupe to buy Lotame in a rare instance of agency-led ad tech consolidation. 04. The Creator Economy · Why creators see Twitch's monetization ...
ID31,Ralph Lauren,Life in red with supermodel Angelina Kendall - Le Monde,https://www.lemonde.fr/en/lifestyle/article/2025/03/07/life-in-red-with-supermodel-angelina-kendall_6738918_37.html,2025-03-07T14:15:03Z,"Polo Ralph Lauren. Polyamide tights, Falke. Vintage wool felt hat. ANTHONY SEKLAOUI FOR ..."
ID31,Ralph Lauren,Five Fits With: Interior Designer and Ralph Lauren Alum Alfredo Paredes - Esquire,https://www.esquire.com/style/mens-fashion/a64076413/alfredo-paredes-five-fits-with/,2025-03-07T13:18:35Z,"He's responsible for some of the Ralph Lauren's most iconic visual moments and interiors, including the famed Polo Bar. “They hired me to work at ..."
ID31,Ralph Lauren,AAFA Announces Board of Directors Leadership for 2025-2026 Term,https://www.aafaglobal.org/AAFA/AAFA_News/2025_Press_Releases/AAFA_Announces_Board_Directors_2025_2026_Term.aspx,2025-03-07T12:58:17Z,"Halide Alagöz, Ralph Lauren Corporation · Joe Preston, New Balance Athletics, Inc. · Katherine Gold, GoldBug · Danilo Amoretty, Carhartt, Inc. · Josue ..."
ID31,Ralph Lauren,Man wanted for shoplifting in Riverhead: cops - RiverheadLOCAL,https://riverheadlocal.com/2025/03/07/man-wanted-for-shoplifting-in-riverhead-cops/,2025-03-07T12:53:54Z,"The man stole approximately $345 worth of clothing from Polo Ralph Lauren Factory Store, located at 1770 West Main St., Suite 400, on Jan. 27 at ..."
ID31,Ralph Lauren,"Deochii, Doja Cat, Anna Wintour & More at Schiaparelli's Paris Fashion Week Show | N18G",https://www.youtube.com/watch%3Fv%3Dbe-DA1B5VP4,2025-03-07T12:35:58Z,Cynthia Erivo and Ariana Grande Perform a Wicked. Moviefone New 2.6M views · 21:01 · Go to channel · Ralph Lauren Spring/Summer 2025. Bayoucool2•959K ...
ID31,Ralph Lauren,"5,950 Shares in Ralph Lauren Co. (NYSE:RL) Acquired by Inceptionr LLC - MarketBeat",https://www.marketbeat.com/instant-alerts/5950-shares-in-ralph-lauren-co-nyserl-acquired-by-inceptionr-llc-2025-03-06/,2025-03-07T12:13:03Z,"Inceptionr LLC acquired a new position in Ralph Lauren Co. (NYSE:RL - Free Report) during the fourth quarter, according to the company in its most ..."
ID31,Ralph Lauren,"[3/7/2025] 5-Day Consistent Underperformers: BBY, HPQ, NCLH, APA, MPC, CZR, WDC, STX, C, RL",https://www.trefis.com/data/companies/MOVERS/no-login-required/YYBH3ZpM/-3-7-2025-5-Day-Consistent-Underperformers-BBY-HPQ-NCLH-APA-MPC-CZR-WDC-STX-C-RL,2025-03-07T11:39:49Z,"Best Buy, HP, Norwegian Cruise Line, APA, Marathon Petroleum, Caesars Entertainment, Western Digital, Seagate Technology, Citigroup, Ralph Lauren ..."
ID31,Ralph Lauren,Happy #FabricFriday! Introducing our fabric of the week: Air Flow Viscose. - Instagram,https://www.instagram.com/creaseysgsy/p/DG5IQvYxLHo/,2025-03-07T09:12:10Z,"Step into the new season with Lauren Ralph Lauren. With a smooth leather upper, a metallic sheepskin back counter and an 'LRL' bombe logo at ..."
ID31,Ralph Lauren,Off to the races: what to wear to the Cheltenham Festival - The Times,https://www.thetimes.com/life-style/luxury/article/what-to-wear-to-cheltenham-times-luxury-2nkh266hc,2025-03-07T06:17:36Z,Polo Ralph Lauren velvet-trimmed houndstooth tweed blazer and pleated tapered pants · Gucci Cotton drill jacket and pants with horsebit.
ID31,Ralph Lauren,"Tommy Hilfiger, Acne Studios: What We Love This Week - InStyle Australia",https://instyleaustralia.com.au/lifestyle/instyle-editors-picks-march-7-2025/,2025-03-07T05:01:16Z,"SHOP NOW: Polo Ralph Lauren Polo Play, $929, ralphlauren.com.au. Vibrant and poppy, this deliciously buttery leather bag from Polo Ralph Lauren's ..."
ID31,Ralph Lauren,A 5kg tank top? The Sydney designer hitting his stride in Paris,https://www.smh.com.au/lifestyle/fashion/a-5kg-tank-top-the-sydney-designer-hitting-his-stride-in-paris-20250307-p5lhp8.html,2025-03-07T04:00:29Z,... Ralph Lauren. A beaded top worn by Australian runway stalwart Mali Koopman above pants with an insouciant Sydney silhouette could easily be seen ...
ID31,Ralph Lauren,Aerin Lauder's New Book Illustrates The Impact Of Flowers On Her Life—and How ... - Forbes,https://www.forbes.com/sites/rachelburchfield/2025/03/06/aerin-lauders-new-book-illustrates-the-impact-of-flowers-on-her-life-and-how-grandmother-este-lauder-really-taught-me-a-lot/,2025-03-07T03:10:32Z,"... Ralph Lauren flagship in New York City, an event she calls “such an honor.” Lauren, she says, is someone who she's always looked up to, calling ..."
ID31,Ralph Lauren,Fashion in Focus: Volume I - The George-Anne Media Group,https://thegeorgeanne.com/47610/gac/fashion-in-focus-volume-i/,2025-03-07T03:07:38Z,"FASHION IN FOCUS VOLUME 1 – EUNIQUE WILSON From denim on denim, to green monochrome and even head to toe Ralph Lauren, Eunique's wardrobe proves ..."
ID31,Ralph Lauren,[SH Street Chic] Layer Season Hits Different in February's Edition - City News Service,https://www.citynewsservice.cn/service/bmej0vk6,2025-03-07T02:53:17Z,"... Ralph Lauren in the 1990s. With shows like, again, Ralph Lauren, Coach and even Louis Vuitton under Pharrell Williams featuring cowboy hats, jean ..."
ID31,Ralph Lauren,Ralph Lauren to stage April 17 show in New York - FashionNetwork.com,"https://se.fashionnetwork.com/news/Ralph-lauren-to-stage-april-17-show-in-new-york,1709275.html",2025-03-07T01:44:50Z,"Lauren's last runway show was a fashion spectacle set on an equestrian estate, attended by First Lady Jill Biden, Laura Dern, and Usher. Ads."
ID31,Ralph Lauren,Impulsive purchases that young Singaporeans regret making | The Straits Times,https://www.straitstimes.com/singapore/impulsive-purchases-that-young-singaporeans-regret-making,2025-03-07T00:04:05Z,"“I bought a pair of Ralph Lauren sunglasses that cost more than $130. I regret buying it now as it does not fit my fashion style. “Initially, I ..."
ID33,S&P Global,"Analysts see seventh Pakistan rate cut amid low inflation, IMF review | Reuters",https://www.reuters.com/markets/asia/pakistan-eyes-seventh-straight-rate-cut-amid-decade-low-inflation-imf-review-2025-03-07/,2025-03-07T14:57:41Z,"""The S&P Global HBL Pakistan Manufacturing PMI also indicates rising input costs, pushing manufacturers to hike prices in February 2025 at the fastest ..."
ID33,S&P Global,Manufacturing is Roaring Back Under President Donald J. Trump - The White House,https://www.whitehouse.gov/articles/2025/03/manufacturing-is-roaring-back-under-president-donald-j-trump/,2025-03-07T14:40:49Z,"The manufacturing turnaround has been confirmed by S&P Global's own U.S. manufacturing survey, which surged last month to its highest level since ..."
ID33,S&P Global,Former FBI General Counsel Bradley Brooker Joins Holland & Knight | News,https://www.hklaw.com/en/news/pressreleases/2025/03/former-fbi-general-counsel-bradley-brooker-joins-holland-knight,2025-03-07T06:57:19Z,"Tariff Deluge Steers Companies to Supply Chain Analysis, M&A. S&P Global Market Intelligence / In the Headlines / February 25, 2025 · View More."
ID34,Societe Generale,Cameroon Injects CFA73bn in Co-financed Road Projects in 2024,https://www.businessincameroon.com/public-management/0703-14508-cameroon-injects-cfa73bn-in-co-financed-road-projects-in-2024,2025-03-07T13:56:54Z,Cameroon Gov't Bids $191.6mln for Société Générale Stake · 04 · Philippe Camille Akoa Calls for Lasting Achievements to Build Cameroon's Future ...
ID34,Societe Generale,REG - Societe Generale SA Dalata Hotel Group - Form 8.3 - TradingView,"https://www.tradingview.com/news/reuters.com,2025-03-07:newsml_RSG8552Za:0-reg-societe-generale-sa-dalata-hotel-group-form-8-3-dalata-hotel-group-plc/",2025-03-07T11:56:26Z,RNS Number : 8552Z Societe Generale SA 07 March 2025 Ap27FORM 8.3IRISH TAKEOVER PANELOPENING POSITION DISCLOSURE/DEALING DISCLOSURE UNDER RULE 8.3 ...
ID34,Societe Generale,"Les élections, une démobilisation générale historique - Pomona",https://pomona.ch/fr/story/555121/les-lections-une-dmobilisation-gnrale-historique,2025-03-07T08:52:44Z,"... Société Commentaires Chroniques. Les élections, une démobilisation générale historique. Sur cent Valaisans et Valaisannes, 22 ont voté pour ..."
ID34,Societe Generale,Get the latest stock market insights on Markets Insider,https://markets.businessinsider.com/searchresults%3Fp%3D31%26_type%3Danleihen%26_search%3D%253DsZ,2025-03-07T07:23:21Z,"Société Générale S.A., US83368RAX08. Nykredit Realkredit A/SDK-Anl. Serie 01I/I per 2043, Nykredit Realkredit A/S, DK0009530404."
ID34,Societe Generale,Stagiaire Private Equity (Société Général Capital Partenaires) - Glassdoor,https://www.glassdoor.co.in/Reviews/Employee-Review-Soci%25C3%25A9t%25C3%25A9-G%25C3%25A9n%25C3%25A9rale-E10350-RVW16428934.htm,2025-03-07T06:41:39Z,"Deal flow important et varié, forte exposition (participation au closing par exemple), recommandation dans d'autres lignes métier."
ID34,Societe Generale,IWD: Europe's most influential female fund selectors - Citywire,https://citywire.com/selector/news/iwd-europe-s-most-influential-female-fund-selectors/a2461019,2025-03-07T02:49:12Z,"Head of fund selection, Société Générale Private Banking. Team size: 8. AUM: €25bn. Country: France. Vanessa Bonjean joined Société Générale Group's ..."
ID34,Societe Generale,Societe Generale (SCGLY) Stock Forecasts - Yahoo Finance,https://ca.finance.yahoo.com/research/reports/MS_0P000007GL_AnalystReport_1741224262000,2025-03-07T02:38:04Z,"Summary. Founded in 1884, Société Générale is one of France's major banks. It was historically viewed as primarily a corporate and investment bank ..."
ID35,Starbucks,"Design News: Starbucks' Sakura collection, Oppo's latest foldable phone, Nuna x BMW baby strollers",https://www.straitstimes.com/life/home-design/design-news-starbucks-sakura-collection-oppos-latest-foldable-phone-nuna-x-bmw-baby-strollers,2025-03-07T14:05:49Z,"Starbucks' springtime sakura merchandise collection is always anticipated by fans. For the past few years, the international coffee chain has ..."
ID35,Starbucks,World Relief Awarded Two Origin Grants from The Starbucks Foundation to Support Women ...,https://worldrelief.org/pr-world-relief-awarded-two-origin-grants-from-the-starbucks-foundation-to-support-women-in-coffee-and-tea-growing-communities-in-rwanda-and-burundi/,2025-03-07T13:35:47Z,World Relief is celebrating the launch of two new partnerships with The Starbucks Foundation: a $300000 two-year Origin Grant to World Relief ...
ID35,Starbucks,"“Think Bigger, Dream Bolder & Believe in the Power of Potential”: Celebrating International ...",https://stories.starbucks.com/asia/stories/2025/think-bigger-dream-bolder-believe-in-the-power-of-potential-celebrating-international-womens-day-with-4-partners-from-asia-pacific/,2025-03-07T10:45:28Z,"... Starbucks Indonesia in 2016 in the coffee growing region of Sumatra. Today, she is a Store Manager at Starbucks Reserve Delipark Medan store."
ID35,Starbucks,"Review | Starbucks releases spring selections with matcha, lavender, lattes | Lifestyle",https://www.psucollegian.com/culture_lifestyle/review-starbucks-releases-spring-selections-with-matcha-lavender-lattes/article_72456928-fb06-11ef-a333-834b45604881.html,2025-03-07T08:43:33Z,"Spring break is only days away, and Starbucks is here to prepare Penn State students with its new spring selections."
ID35,Starbucks,"Coffee lovers rejoice, Starbucks opens Friday in Weirton - WTOV9",https://wtov9.com/newsletter-daily/coffee-lovers-rejoice-starbucks-opens-friday-in-weirton,2025-03-07T03:14:33Z,Coffee lovers in the Ohio Valley are in for a treat as the Starbucks located on Three Springs Drive in Weirton is set to open Friday at 6 a.m.The ...
ID35,Starbucks,Work Continues On New Beloit Starbucks - WCLO,https://www.wclo.com/2025/03/06/work-continues-on-new-beloit-starbucks/,2025-03-06T23:01:27Z,Work continues on a new Starbucks coffee shop in Beloit. The shop will located at 2660 Prairie Avenue and will feature outdoor seating and a ...
ID35,Starbucks,Starbucks Reserve Locations Offer Unique Espresso Martinis,https://about.starbucks.com/press/2025/starbucks-reserve-locations-offer-unique-espresso-martinis/,2025-03-06T22:24:47Z,"A holiday twist on the Signature Espresso Martini, featuring Starbucks Reserve Espresso infused with Kalak Single Malt Vodka, rich dark chocolate and ..."
ID35,Starbucks,Disney Drops New Starbucks Tumblers After Viral Cinderella Version Sells Out In Seconds Online,https://www.rollingstone.com/product-recommendations/lifestyle/disney-starbucks-limited-edition-tumblers-buy-online-1235290849/,2025-03-06T22:08:55Z,"After an LE tumbler celebrating the 75th anniversary of Cinderella sold out, here are all the Starbucks tumblers available at the Disney Store ..."
ID36,U.S. Bank,Xiaomi's New Power Bank Can Charge a 16-inch MacBook Pro - Unbox PH,https://unbox.ph/gadget/xiaomi-24500mah-hypercharge-power-bank/,2025-03-07T08:09:14Z,"... us was their new 24500mAh HyperCharge power bank, which has a USB-C port and can charge up to 140w. That charging speed is enough for a 16-inch ..."
ID36,U.S. Bank,Anker's Newest High-Capacity Power Bank Includes Two Built-In USB Cables - IGN,https://www.ign.com/articles/new-anker-laptop-25000-mah-power-bank-deal-with-retractable-usb-cable-2,2025-03-07T06:41:31Z,"Anker 25,000mAh 165W Power Bank with Two Built-In USB Type-C Cables. 7. $109.99 save 18%. $89.99 ... Us•IGN YouTube•IGN TikTok•IGN Twitter•Map Genie."
ID36,U.S. Bank,USB says the checkoff has significant return on investment - Ad Astra Radio,https://www.adastraradio.com/farm-news/usb-says-the-checkoff-has-significant-return-on-investment,2025-03-07T02:19:04Z,https://www.fnbhutch.bank/. Home · News · Hutch Daily · Iola Daily · Larned ... Advertise With Us · Sitemap · Hutchinson: 620-665-5758 · Iola: 620-365- ...
ID36,U.S. Bank,Anker's tiny power bank with built-in USB-C cable is now $13 (50% off) - PCWorld,https://www.pcworld.com/article/2628885/anker-tiny-power-bank-with-built-in-usb-c-cable-is-now-13-50-percent-off.html,2025-03-07T02:15:06Z,"The Zolo also has separate USB-C and USB-A ports, which you can use ... Contact Us · Foundry Careers · GamePro · Smart Answers. PCWorld Categories."
ID36,U.S. Bank,The Compact Iniu 10000mAh USB Power Bank Just Dropped to $8.99 on Amazon - IGN,https://www.ign.com/articles/iniu-power-bank-deal-for-nintendo-switch-and-iphone-16,2025-03-06T23:37:31Z,"INIU 10,000mAh USB Power Bank. 8. $24.99 save 64%. $8.99 at Amazon. This INIU power bank features ... Us•IGN YouTube•IGN TikTok•IGN Twitter•Map Genie."
ID37,UPS,"Deutsche Bank Initiates United Parcel Service With Hold Rating, $119 Price Target",https://www.marketscreener.com/quote/stock/UNITED-PARCEL-SERVICE-INC-14758/news/Deutsche-Bank-Initiates-United-Parcel-Service-With-Hold-Rating-119-Price-Target-49271729/,2025-03-07T13:43:41Z,"United Parcel Service, Inc. Equities. UPS. US9113121068. Air Freight & Logistics. Market Closed - ..."
ID37,UPS,How the (UPS) price action is used to our Advantage - Stock traders daily,https://news.stocktradersdaily.com/news_release/3/How%2Bthe%2B%2528UPS%2529%2Bprice%2Baction%2Bis%2Bused%2Bto%2Bour%2BAdvantage_030625115001.html,2025-03-07T05:03:35Z,"Updated AI-Generated Signals for United Parcel Service Inc. (UPS) available here: UPS. UPS Ratings for March 06: Term →, Near, Mid, Long. Rating ..."
ID37,UPS,"Trump's plans for balanced budget at 'odds with fiscal reality', budget hawks say",https://www.myheraldreview.com/free_access/trumps-plans-for-balanced-budget-at-odds-with-fiscal-reality-budget-hawks-say/article_1988e2ac-fadd-11ef-a3c8-a77a661e92bc.html,2025-03-06T22:56:24Z,... United States Federal Budget · Donald Trump Controversies · Presidencies Of ... Parcel Service (UPS)… Read moreBomb threat results in felony ...
ID37,UPS,Jim Cramer Looked At These 11 Stocks Recently - Insider Monkey,https://www.insidermonkey.com/blog/jim-cramer-looked-at-these-11-stocks-recently-1473974/%3Fsinglepage%3D1,2025-03-06T18:47:26Z,"UPS, challenged.” United Parcel Service (NYSE:UPS) is a major logistics and package delivery company and provides a variety of services including ..."
ID38,Voya,Virtus Convertible & Income Fund and Virtus Convertible & Income Fund II Announce ... - Morningstar,https://www.morningstar.com/news/business-wire/20250306538372/virtus-convertible-income-fund-and-virtus-convertible-income-fund-ii-announce-monthly-distributions,2025-03-06T22:11:22Z,"... Voya Investment Management is the subadviser. For more information on these funds, contact shareholder services at (866) 270-7788, by email at ..."
